Show_ID,Genre,Language,Runtime,Release_Year,Budget,Rating,Viewership
OTT00001,Drama,Hindi,36,2021,9.2,7.3,7.57
OTT00002,Thriller,Hindi,65,2022,12.6,7.9,8.13
OTT00003,Crime,Hindi,56,2019,4.0,5.9,4.58
OTT00004,Drama,Hindi,72,2021,53.9,6.3,25.7
OTT00005,Thriller,Korean,68,2020,17.3,8.6,8.21
OTT00006,Crime,Malayalam,74,2018,40.9,8.1,12.08
OTT00007,Drama,Korean,76,2020,13.2,6.6,5.56
OTT00008,Crime,English,33,2021,18.8,8.4,6.35
OTT00009,Action,English,52,2022,71.0,8.4,15.36
OTT00010,Romance,Hindi,46,2019,22.3,8.5,23.5
OTT00011,Comedy,English,71,2026,19.3,7.9,11.02
OTT00012,Thriller,English,48,2020,28.2,8.0,23.32
OTT00013,Comedy,Telugu,24,2026,13.7,6.5,9.96
OTT00014,Documentary,Tamil,63,2022,14.2,7.3,9.45
OTT00015,Drama,Telugu,52,2020,12.4,7.4,8.29
OTT00016,Thriller,English,53,2026,11.5,6.0,7.96
OTT00017,Action,Malayalam,23,2023,12.1,4.8,3.95
OTT00018,Comedy,English,88,2026,20.5,6.0,15.01
OTT00019,Romance,English,40,2021,28.7,7.4,10.16
OTT00020,Crime,Spanish,47,2026,15.6,8.5,20.09
OTT00021,Drama,Tamil,61,2019,10.8,7.0,6.46
OTT00022,Drama,English,64,2019,19.9,6.6,17.89
OTT00023,Comedy,Korean,38,2023,23.5,7.0,6.79
OTT00024,Action,English,90,2023,12.7,5.9,10.09
OTT00025,Comedy,Hindi,49,2024,15.7,7.0,7.51
OTT00026,Crime,English,43,2020,23.8,5.8,7.67
OTT00027,Drama,Spanish,29,2025,18.1,7.6,10.19
OTT00028,Drama,Spanish,43,2020,18.0,6.4,6.76
OTT00029,Thriller,Hindi,72,2025,33.1,8.1,11.46
OTT00030,Romance,Telugu,63,2020,17.6,9.0,9.33
OTT00031,Documentary,Hindi,47,2026,16.9,8.5,6.72
OTT00032,Romance,Telugu,81,2021,16.1,8.0,11.46
OTT00033,Action,Tamil,41,2019,44.2,6.1,11.02
OTT00034,Thriller,Telugu,61,2025,41.6,7.9,14.12
OTT00035,Comedy,English,72,2019,22.1,7.3,9.71
OTT00036,Thriller,Hindi,67,2024,15.5,8.5,16.29
OTT00037,Action,Spanish,36,2019,26.0,7.7,9.54
OTT00038,Thriller,Spanish,42,2023,6.5,7.7,8.86
OTT00039,Drama,Hindi,34,2022,15.3,7.0,8.86
OTT00040,Thriller,Telugu,43,2021,30.3,8.2,24.18
OTT00041,Crime,Korean,31,2021,30.4,7.7,15.09
OTT00042,Comedy,Hindi,60,2025,9.9,6.2,10.9
OTT00043,Drama,Tamil,63,2023,9.4,4.5,3.31
OTT00044,Comedy,Tamil,94,2021,31.5,6.1,8.3
OTT00045,Drama,English,42,2026,11.4,7.6,5.82
OTT00046,Drama,Hindi,42,2020,15.8,7.1,10.01
OTT00047,Romance,Spanish,51,2026,14.0,6.7,16.05
OTT00048,Romance,English,80,2023,8.3,8.3,9.21
OTT00049,Sci-Fi,English,49,2021,19.3,7.5,13.24
OTT00050,Drama,Telugu,44,2025,21.3,6.6,7.74
OTT00051,Drama,Hindi,38,2024,10.3,7.4,9.32
OTT00052,Crime,English,48,2023,51.9,5.9,14.37
OTT00053,Drama,Korean,38,2023,25.4,7.5,10.95
OTT00054,Thriller,Telugu,44,2023,25.7,7.6,12.24
OTT00055,Drama,Malayalam,31,2026,16.1,6.9,7.77
OTT00056,Action,Hindi,48,2019,14.3,5.5,2.71
OTT00057,Crime,English,50,2019,14.1,8.1,9.13
OTT00058,Thriller,Hindi,67,2019,21.6,6.3,11.86
OTT00059,Comedy,Hindi,48,2018,11.8,6.3,2.69
OTT00060,Action,Tamil,55,2020,12.5,6.7,8.65
OTT00061,Romance,Telugu,58,2022,16.1,6.3,6.71
OTT00062,Action,Hindi,75,2020,16.2,7.4,9.97
OTT00063,Action,Hindi,64,2020,25.8,7.7,22.12
OTT00064,Drama,Hindi,67,2023,13.4,6.7,8.41
OTT00065,Crime,Hindi,45,2022,93.2,7.8,42.63
OTT00066,Action,Telugu,69,2025,17.4,6.9,12.5
OTT00067,Comedy,Tamil,26,2018,31.2,6.7,8.5
OTT00068,Crime,Tamil,56,2023,18.5,6.3,9.86
OTT00069,Drama,English,39,2020,68.3,7.1,16.97
OTT00070,Comedy,Hindi,36,2023,31.1,8.3,13.15
OTT00071,Action,English,33,2026,9.1,7.1,10.09
OTT00072,Comedy,Tamil,62,2021,38.8,6.5,15.32
OTT00073,Thriller,Korean,46,2023,14.9,6.9,11.44
OTT00074,Thriller,Malayalam,74,2025,12.3,7.8,11.94
OTT00075,Comedy,English,82,2023,4.5,6.6,9.87
OTT00076,Romance,Hindi,42,2022,15.8,7.2,6.39
OTT00077,Drama,English,53,2025,22.9,5.2,12.75
OTT00078,Drama,Hindi,20,2024,32.7,7.9,8.9
OTT00079,Sci-Fi,Telugu,60,2026,11.5,8.7,21.38
OTT00080,Romance,Telugu,61,2022,17.4,6.3,7.65
OTT00081,Comedy,English,45,2023,5.9,5.4,4.56
OTT00082,Sci-Fi,English,45,2021,7.0,6.6,5.04
OTT00083,Romance,Telugu,39,2020,33.4,6.1,12.96
OTT00084,Crime,Hindi,50,2021,38.8,7.1,14.15
OTT00085,Comedy,English,63,2019,27.2,8.4,10.77
OTT00086,Drama,Telugu,52,2022,12.8,7.8,10.87
OTT00087,Comedy,Telugu,43,2024,38.6,6.7,9.55
OTT00088,Sci-Fi,Telugu,61,2019,9.6,7.7,12.89
OTT00089,Sci-Fi,Hindi,68,2023,9.2,6.3,6.21
OTT00090,Drama,Telugu,37,2018,32.4,7.7,7.92
OTT00091,Action,Tamil,55,2021,23.7,7.2,10.13
OTT00092,Crime,Tamil,47,2021,18.1,7.3,7.0
OTT00093,Romance,Telugu,71,2023,6.4,6.6,9.14
OTT00094,Drama,Korean,70,2018,41.0,7.3,8.95
OTT00095,Action,Tamil,37,2023,38.8,6.9,8.82
OTT00096,Crime,Hindi,50,2018,10.8,6.3,8.05
OTT00097,Crime,Tamil,50,2019,21.5,7.7,10.18
OTT00098,Action,English,88,2018,13.6,5.3,6.5
OTT00099,Documentary,English,49,2025,16.4,7.6,9.16
OTT00100,Drama,Tamil,74,2022,43.8,5.7,9.98
OTT00101,Crime,English,30,2023,8.2,7.3,11.48
OTT00102,Comedy,Hindi,63,2026,48.1,6.8,23.53
OTT00103,Crime,Spanish,80,2021,20.8,7.3,10.03
OTT00104,Thriller,Tamil,35,2022,22.3,7.6,5.78
OTT00105,Comedy,Hindi,51,2020,5.0,8.7,7.55
OTT00106,Action,Hindi,62,2024,14.5,6.7,9.77
OTT00107,Action,Hindi,59,2024,8.5,5.9,9.67
OTT00108,Action,Hindi,50,2018,20.0,7.5,22.04
OTT00109,Action,Telugu,88,2020,13.1,6.4,5.74
OTT00110,Thriller,Tamil,61,2022,24.0,7.4,9.87
OTT00111,Crime,Telugu,52,2019,7.6,8.0,6.71
OTT00112,Romance,Hindi,81,2021,13.4,7.7,10.58
OTT00113,Thriller,Spanish,54,2024,28.3,6.1,10.95
OTT00114,Romance,English,59,2021,11.6,8.2,11.34
OTT00115,Crime,English,28,2018,22.5,6.9,8.47
OTT00116,Drama,Spanish,36,2024,10.3,7.7,9.41
OTT00117,Thriller,English,49,2024,26.7,6.7,17.69
OTT00118,Drama,Korean,59,2020,31.5,9.2,18.0
OTT00119,Crime,English,59,2018,22.7,5.5,4.77
OTT00120,Romance,English,63,2026,20.3,7.3,11.11
OTT00121,Romance,Hindi,43,2022,22.6,6.8,12.0
OTT00122,Action,Telugu,47,2018,27.9,6.6,5.35
OTT00123,Drama,English,46,2018,30.4,7.6,9.85
OTT00124,Crime,Malayalam,59,2024,20.3,6.9,4.36
OTT00125,Documentary,Tamil,53,2019,10.9,6.9,3.89
OTT00126,Sci-Fi,Spanish,48,2019,28.4,6.7,13.76
OTT00127,Comedy,Hindi,72,2025,20.4,7.2,17.96
OTT00128,Comedy,Hindi,53,2026,52.8,5.7,14.77
OTT00129,Thriller,Hindi,64,2022,6.6,5.6,9.45
OTT00130,Crime,Korean,47,2019,27.5,6.8,8.03
OTT00131,Drama,Tamil,36,2026,9.6,6.6,11.86
OTT00132,Thriller,Tamil,56,2025,23.8,6.7,9.97
OTT00133,Romance,Tamil,60,2021,7.6,6.0,2.73
OTT00134,Romance,Hindi,76,2023,35.9,9.6,14.72
OTT00135,Action,English,42,2024,4.0,7.0,14.94
OTT00136,Thriller,Telugu,69,2019,14.8,8.4,13.67
OTT00137,Romance,English,46,2019,9.1,6.6,11.09
OTT00138,Comedy,English,86,2022,13.0,7.5,13.97
OTT00139,Drama,Telugu,57,2025,29.9,7.4,13.2
OTT00140,Comedy,Malayalam,44,2020,12.2,6.8,6.78
OTT00141,Romance,Korean,57,2019,8.6,7.5,6.21
OTT00142,Comedy,Hindi,49,2019,18.9,8.2,8.33
OTT00143,Comedy,English,59,2025,23.8,6.0,10.27
OTT00144,Drama,Malayalam,63,2022,22.8,7.7,10.77
OTT00145,Sci-Fi,English,58,2022,11.3,7.9,14.96
OTT00146,Drama,English,35,2020,36.1,5.3,7.09
OTT00147,Action,Korean,50,2024,39.7,7.9,16.63
OTT00148,Sci-Fi,English,71,2018,23.8,5.8,9.99
OTT00149,Action,Hindi,40,2022,32.3,7.6,20.17
OTT00150,Action,Hindi,52,2022,20.7,8.1,17.43
OTT00151,Sci-Fi,Hindi,48,2022,5.2,9.1,19.75
OTT00152,Drama,Hindi,25,2022,14.9,7.7,10.23
OTT00153,Crime,Telugu,25,2020,41.1,5.5,4.87
OTT00154,Drama,Hindi,48,2021,45.6,7.8,20.41
OTT00155,Romance,Hindi,46,2022,38.8,7.3,12.77
OTT00156,Romance,English,20,2024,16.9,6.2,11.89
OTT00157,Romance,Telugu,80,2025,34.0,7.1,11.66
OTT00158,Action,English,49,2026,12.7,8.6,19.83
OTT00159,Crime,Spanish,50,2019,21.3,7.2,9.16
OTT00160,Drama,English,42,2022,45.2,6.8,15.48
OTT00161,Drama,Malayalam,41,2019,13.8,6.0,4.63
OTT00162,Drama,English,54,2023,23.0,6.0,6.7
OTT00163,Thriller,Korean,81,2018,14.4,8.3,8.25
OTT00164,Crime,Hindi,64,2023,79.7,7.1,22.52
OTT00165,Romance,Tamil,39,2022,45.2,5.5,8.57
OTT00166,Comedy,Tamil,65,2022,44.1,8.7,16.0
OTT00167,Documentary,Telugu,26,2024,11.3,8.2,6.36
OTT00168,Drama,Hindi,31,2019,26.6,6.3,9.77
OTT00169,Documentary,English,59,2023,45.5,6.3,8.25
OTT00170,Action,Hindi,41,2022,17.4,7.5,13.77
OTT00171,Comedy,Tamil,72,2024,15.2,7.5,9.7
OTT00172,Romance,Tamil,53,2026,6.2,8.0,12.24
OTT00173,Crime,Korean,41,2026,23.4,7.7,13.07
OTT00174,Drama,Telugu,54,2020,54.1,7.9,15.4
OTT00175,Comedy,English,44,2018,15.5,6.7,5.73
OTT00176,Documentary,Tamil,54,2021,10.6,6.0,3.11
OTT00177,Documentary,Telugu,27,2025,34.3,9.2,11.02
OTT00178,Romance,Hindi,52,2026,39.0,6.9,29.62
OTT00179,Crime,English,49,2022,37.4,8.3,13.41
OTT00180,Drama,Hindi,97,2021,19.9,5.8,6.42
OTT00181,Drama,Spanish,71,2024,8.0,6.7,4.41
OTT00182,Comedy,Hindi,44,2024,37.6,6.8,11.78
OTT00183,Drama,Hindi,53,2018,10.4,7.0,4.67
OTT00184,Sci-Fi,Korean,40,2018,20.6,7.2,12.03
OTT00185,Crime,Malayalam,65,2021,20.4,6.3,8.71
OTT00186,Drama,Telugu,50,2022,19.0,6.7,10.21
OTT00187,Drama,English,77,2025,14.0,8.2,10.81
OTT00188,Comedy,Tamil,63,2022,10.7,7.3,5.95
OTT00189,Crime,Spanish,51,2021,15.6,5.7,3.84
OTT00190,Action,Hindi,62,2024,10.8,6.5,7.71
OTT00191,Sci-Fi,English,80,2022,20.6,8.5,20.15
OTT00192,Drama,Hindi,31,2022,20.5,6.4,8.37
OTT00193,Drama,English,43,2020,25.9,8.0,7.28
OTT00194,Drama,Tamil,47,2021,12.8,7.2,10.46
OTT00195,Crime,English,52,2023,25.4,6.6,18.67
OTT00196,Thriller,Telugu,55,2021,28.0,7.5,6.21
OTT00197,Drama,English,43,2024,21.7,7.0,7.82
OTT00198,Drama,Hindi,55,2025,8.2,7.8,21.68
OTT00199,Drama,Hindi,59,2024,12.5,8.6,10.46
OTT00200,Drama,Korean,29,2025,11.8,5.6,4.52
OTT00201,Comedy,Spanish,32,2022,6.8,6.4,10.09
OTT00202,Sci-Fi,Tamil,49,2026,21.0,7.5,10.27
OTT00203,Drama,English,47,2020,26.9,6.8,13.41
OTT00204,Drama,Korean,57,2022,12.0,6.9,7.05
OTT00205,Drama,Tamil,23,2025,57.9,7.0,10.59
OTT00206,Documentary,Korean,65,2023,14.7,7.7,7.11
OTT00207,Sci-Fi,Telugu,43,2024,31.5,6.4,10.74
OTT00208,Drama,Tamil,41,2020,9.9,6.7,5.87
OTT00209,Sci-Fi,Tamil,31,2026,10.3,7.9,15.73
OTT00210,Documentary,Hindi,21,2022,10.5,6.1,4.18
OTT00211,Action,Korean,51,2020,16.4,6.0,7.45
OTT00212,Action,English,43,2018,25.9,7.9,11.0
OTT00213,Action,Hindi,23,2023,55.1,6.8,27.41
OTT00214,Comedy,Hindi,66,2020,18.2,6.8,13.23
OTT00215,Drama,Tamil,38,2025,12.7,7.8,13.96
OTT00216,Thriller,English,55,2025,24.1,6.3,6.02
OTT00217,Thriller,Hindi,48,2019,18.7,8.4,15.89
OTT00218,Thriller,Telugu,64,2020,23.7,8.7,8.9
OTT00219,Drama,Tamil,51,2025,13.4,6.5,7.14
OTT00220,Comedy,Hindi,31,2022,11.3,6.0,3.98
OTT00221,Drama,English,52,2021,15.0,6.4,9.79
OTT00222,Documentary,Korean,68,2020,73.0,6.9,11.11
OTT00223,Romance,Tamil,39,2019,15.8,7.9,6.17
OTT00224,Romance,English,30,2025,58.3,6.4,14.32
OTT00225,Comedy,Hindi,79,2024,15.5,5.6,8.23
OTT00226,Drama,Telugu,49,2018,4.6,7.9,4.74
OTT00227,Comedy,English,46,2021,21.4,8.0,8.5
OTT00228,Romance,English,60,2025,28.3,6.1,7.0
OTT00229,Action,Tamil,63,2020,23.8,7.5,6.2
OTT00230,Action,Tamil,67,2019,26.4,7.0,8.45
OTT00231,Romance,Hindi,55,2021,16.7,7.4,12.74
OTT00232,Drama,Korean,83,2018,37.6,7.8,15.16
OTT00233,Drama,Korean,74,2021,18.1,8.6,12.0
OTT00234,Action,English,45,2024,13.3,6.7,17.8
OTT00235,Thriller,Malayalam,67,2021,15.8,8.5,10.48
OTT00236,Action,English,51,2023,10.4,7.8,9.72
OTT00237,Drama,Korean,56,2023,18.2,8.3,13.72
OTT00238,Thriller,English,32,2018,4.0,9.0,7.9
OTT00239,Thriller,English,20,2018,23.9,8.2,8.89
OTT00240,Romance,Korean,38,2019,17.1,6.3,7.06
OTT00241,Action,English,24,2024,48.2,6.5,13.18
OTT00242,Comedy,Tamil,43,2022,16.9,7.5,6.38
OTT00243,Sci-Fi,Korean,54,2025,10.7,6.9,11.65
OTT00244,Action,English,61,2020,17.4,7.0,14.66
OTT00245,Action,English,37,2019,21.2,7.3,8.62
OTT00246,Comedy,Spanish,69,2026,7.9,6.9,9.12
OTT00247,Comedy,Spanish,38,2020,9.3,6.9,5.61
OTT00248,Sci-Fi,Hindi,62,2023,30.6,6.1,15.4
OTT00249,Drama,English,73,2026,23.3,7.6,18.09
OTT00250,Crime,Tamil,20,2024,42.6,5.6,9.95
OTT00251,Comedy,Spanish,49,2019,11.2,5.8,3.52
OTT00252,Drama,Spanish,63,2021,27.0,6.0,5.76
OTT00253,Romance,English,59,2024,19.2,8.3,34.14
OTT00254,Romance,Tamil,53,2020,17.3,6.8,6.96
OTT00255,Sci-Fi,English,39,2020,17.9,7.0,6.67
OTT00256,Comedy,English,41,2021,12.4,8.4,6.39
OTT00257,Thriller,Korean,55,2019,34.4,7.9,12.19
OTT00258,Sci-Fi,Tamil,44,2019,10.9,6.0,4.21
OTT00259,Thriller,Korean,64,2023,27.3,7.3,8.21
OTT00260,Sci-Fi,Tamil,64,2023,43.8,7.5,13.84
OTT00261,Action,Hindi,39,2019,9.5,7.1,7.48
OTT00262,Crime,Tamil,94,2025,14.1,8.1,20.43
OTT00263,Drama,Tamil,51,2021,8.5,8.7,18.01
OTT00264,Documentary,Telugu,54,2024,17.7,7.0,7.89
OTT00265,Comedy,Korean,53,2024,39.1,7.3,26.06
OTT00266,Drama,English,39,2018,14.8,7.4,9.62
OTT00267,Comedy,Tamil,60,2021,15.6,6.6,6.24
OTT00268,Action,English,58,2023,36.5,8.7,21.77
OTT00269,Thriller,English,38,2018,14.8,6.7,5.83
OTT00270,Thriller,Hindi,44,2024,35.8,7.5,18.85
OTT00271,Romance,Telugu,53,2019,13.0,8.2,9.31
OTT00272,Action,Hindi,71,2018,14.5,6.9,7.15
OTT00273,Thriller,English,88,2019,31.3,6.2,6.04
OTT00274,Action,English,42,2020,80.6,6.6,22.96
OTT00275,Drama,English,37,2026,13.0,8.0,9.77
OTT00276,Thriller,Tamil,72,2021,40.8,7.1,9.48
OTT00277,Drama,Hindi,42,2022,13.0,7.3,5.59
OTT00278,Crime,Tamil,38,2023,13.0,6.6,6.74
OTT00279,Drama,English,46,2026,36.5,7.5,9.11
OTT00280,Crime,Korean,43,2025,22.2,5.8,11.65
OTT00281,Thriller,English,75,2018,11.7,7.3,6.17
OTT00282,Comedy,Malayalam,70,2018,13.8,6.4,5.5
OTT00283,Action,English,59,2026,18.4,7.1,14.94
OTT00284,Thriller,Telugu,49,2026,15.2,7.5,16.43
OTT00285,Crime,English,56,2021,29.3,7.4,12.86
OTT00286,Drama,Hindi,74,2020,16.1,8.5,10.85
OTT00287,Comedy,English,66,2019,16.3,7.0,10.78
OTT00288,Comedy,Hindi,45,2022,8.8,7.2,6.28
OTT00289,Action,Spanish,64,2026,17.1,6.7,15.03
OTT00290,Drama,English,46,2025,23.2,8.5,10.28
OTT00291,Drama,Tamil,62,2021,11.9,6.7,7.21
OTT00292,Thriller,Telugu,55,2023,19.6,8.0,10.37
OTT00293,Documentary,Korean,89,2018,14.9,7.3,4.43
OTT00294,Sci-Fi,Telugu,61,2021,13.1,6.2,5.18
OTT00295,Thriller,English,76,2023,17.2,6.2,10.83
OTT00296,Crime,Spanish,48,2022,38.4,6.2,8.51
OTT00297,Comedy,English,27,2019,15.4,8.1,11.57
OTT00298,Action,Spanish,48,2022,16.5,7.8,10.01
OTT00299,Romance,English,40,2025,16.1,7.2,10.28
OTT00300,Drama,Tamil,46,2026,10.9,7.1,5.81
OTT00301,Action,Hindi,61,2022,23.0,6.1,12.78
OTT00302,Romance,Malayalam,62,2022,12.6,5.5,3.18
OTT00303,Documentary,English,23,2023,33.7,7.0,5.83
OTT00304,Romance,Spanish,77,2024,11.9,6.8,7.26
OTT00305,Drama,Tamil,44,2020,17.7,5.8,6.26
OTT00306,Documentary,Malayalam,32,2021,13.9,7.4,3.15
OTT00307,Romance,Tamil,78,2019,42.3,8.1,9.89
OTT00308,Romance,Telugu,38,2021,23.6,6.4,4.85
OTT00309,Romance,Tamil,52,2023,9.8,6.0,5.64
OTT00310,Comedy,Korean,49,2025,36.7,6.8,19.6
OTT00311,Sci-Fi,Telugu,35,2018,50.8,7.0,14.29
OTT00312,Action,Spanish,87,2021,30.9,6.7,14.28
OTT00313,Drama,Hindi,44,2026,14.2,7.4,8.06
OTT00314,Action,Hindi,45,2023,9.3,6.6,11.02
OTT00315,Drama,Spanish,40,2024,20.7,5.9,5.25
OTT00316,Drama,Spanish,58,2026,50.8,6.8,8.36
OTT00317,Action,Korean,86,2019,16.6,8.0,13.67
OTT00318,Drama,English,41,2026,20.3,5.9,7.6
OTT00319,Comedy,Tamil,36,2026,16.0,8.2,16.92
OTT00320,Action,Telugu,60,2021,35.3,8.0,17.49
OTT00321,Sci-Fi,Hindi,37,2022,12.0,5.5,11.12
OTT00322,Thriller,Hindi,72,2022,24.4,7.1,7.19
OTT00323,Drama,Tamil,32,2026,10.7,7.7,8.36
OTT00324,Drama,Tamil,49,2024,21.8,6.8,11.05
OTT00325,Romance,Hindi,36,2020,11.7,6.4,5.56
OTT00326,Thriller,English,83,2019,19.4,6.3,10.86
OTT00327,Romance,Spanish,48,2018,35.3,6.5,16.18
OTT00328,Action,Korean,47,2022,31.0,6.9,9.66
OTT00329,Romance,Spanish,43,2025,13.2,7.0,7.3
OTT00330,Thriller,Hindi,80,2023,6.5,6.6,7.67
OTT00331,Romance,Hindi,49,2020,7.7,7.5,4.35
OTT00332,Documentary,Telugu,45,2021,16.1,6.1,8.69
OTT00333,Action,Tamil,22,2026,22.6,7.8,8.79
OTT00334,Documentary,Hindi,74,2019,9.0,7.4,6.67
OTT00335,Thriller,English,50,2024,43.3,5.3,19.67
OTT00336,Sci-Fi,Hindi,70,2018,36.2,6.1,10.65
OTT00337,Drama,Korean,60,2020,6.7,4.1,1.0
OTT00338,Crime,Korean,71,2026,88.6,7.4,26.08
OTT00339,Comedy,Tamil,64,2022,34.7,8.1,15.94
OTT00340,Drama,Hindi,33,2021,8.8,8.0,12.11
OTT00341,Drama,Hindi,43,2022,6.8,8.0,6.62
OTT00342,Action,Tamil,68,2020,21.5,7.5,8.42
OTT00343,Romance,Korean,62,2021,10.8,6.9,4.45
OTT00344,Crime,Tamil,47,2023,29.4,6.8,16.48
OTT00345,Action,Hindi,78,2020,17.9,6.6,11.29
OTT00346,Comedy,Tamil,56,2023,16.7,7.5,5.31
OTT00347,Comedy,English,38,2019,13.8,8.6,9.75
OTT00348,Drama,English,54,2021,25.5,7.5,14.07
OTT00349,Documentary,Hindi,20,2019,9.3,7.8,4.88
OTT00350,Comedy,English,62,2019,12.2,8.7,7.35
OTT00351,Drama,Hindi,47,2020,26.5,7.5,11.08
OTT00352,Drama,Malayalam,76,2022,29.6,8.1,10.67
OTT00353,Thriller,Malayalam,61,2020,18.0,7.1,8.75
OTT00354,Thriller,English,58,2020,10.8,7.8,5.5
OTT00355,Action,Telugu,50,2020,50.9,6.9,16.28
OTT00356,Action,English,45,2026,10.6,6.6,11.83
OTT00357,Thriller,Korean,62,2020,8.9,7.0,8.23
OTT00358,Romance,English,63,2026,12.9,6.2,5.6
OTT00359,Thriller,English,28,2025,9.8,8.0,10.19
OTT00360,Sci-Fi,Tamil,69,2022,30.1,6.3,9.34
OTT00361,Comedy,English,56,2022,10.3,6.5,5.74
OTT00362,Thriller,English,65,2025,9.8,7.2,10.43
OTT00363,Drama,English,46,2022,29.1,8.2,14.37
OTT00364,Thriller,Hindi,68,2026,27.7,6.4,14.24
OTT00365,Thriller,English,62,2026,47.0,7.2,18.5
OTT00366,Thriller,Hindi,60,2024,12.8,6.4,13.91
OTT00367,Drama,Telugu,65,2021,4.4,7.0,8.58
OTT00368,Thriller,Korean,61,2022,22.4,8.6,20.95
OTT00369,Comedy,English,75,2018,27.8,7.7,17.6
OTT00370,Documentary,English,33,2024,27.5,6.5,13.58
OTT00371,Sci-Fi,Hindi,51,2023,40.8,7.6,24.89
OTT00372,Action,Telugu,56,2025,39.1,5.6,7.18
OTT00373,Drama,Hindi,68,2024,33.2,7.9,26.34
OTT00374,Action,Spanish,74,2018,31.1,8.3,8.58
OTT00375,Drama,Korean,64,2021,32.6,8.0,9.92
OTT00376,Crime,Korean,32,2020,37.8,7.9,14.85
OTT00377,Comedy,Korean,49,2021,10.1,7.0,8.15
OTT00378,Sci-Fi,Hindi,57,2024,17.9,6.1,11.72
OTT00379,Thriller,Hindi,77,2025,22.0,7.7,9.55
OTT00380,Comedy,English,20,2020,53.5,6.9,10.75
OTT00381,Thriller,Hindi,53,2021,14.1,8.1,17.93
OTT00382,Crime,Hindi,40,2025,14.0,7.4,19.69
OTT00383,Sci-Fi,English,50,2024,8.5,6.4,13.74
OTT00384,Sci-Fi,English,44,2026,9.6,8.5,10.03
OTT00385,Thriller,Hindi,42,2023,16.4,6.1,8.98
OTT00386,Comedy,Tamil,66,2021,35.0,6.1,9.36
OTT00387,Comedy,Hindi,30,2020,21.0,5.4,4.69
OTT00388,Sci-Fi,Tamil,40,2023,4.5,7.6,7.3
OTT00389,Crime,Spanish,43,2020,26.0,6.8,10.22
OTT00390,Romance,Tamil,58,2019,15.2,8.4,9.01
OTT00391,Sci-Fi,English,61,2025,15.0,6.2,6.08
OTT00392,Action,English,72,2026,11.7,7.0,12.6
OTT00393,Drama,Hindi,49,2019,28.9,7.2,11.92
OTT00394,Action,Telugu,20,2019,36.0,7.4,11.35
OTT00395,Action,Hindi,20,2021,24.4,7.6,7.09
OTT00396,Drama,Spanish,45,2019,10.5,7.0,6.97
OTT00397,Thriller,Tamil,48,2023,26.8,6.1,6.1
OTT00398,Comedy,Tamil,55,2024,25.6,9.8,17.27
OTT00399,Documentary,Tamil,79,2022,8.9,5.9,6.72
OTT00400,Crime,English,34,2020,15.1,6.7,6.94
OTT00401,Crime,Spanish,20,2020,31.2,6.3,9.75
OTT00402,Action,Hindi,53,2026,15.7,7.0,12.25
OTT00403,Romance,Spanish,44,2024,31.6,6.9,9.4
OTT00404,Crime,English,29,2025,29.9,7.5,17.17
OTT00405,Action,Telugu,64,2020,38.2,6.5,20.26
OTT00406,Drama,English,59,2023,25.0,6.9,10.11
OTT00407,Comedy,English,52,2026,27.4,7.5,6.18
OTT00408,Comedy,Tamil,55,2023,20.6,7.4,8.55
OTT00409,Comedy,Korean,75,2024,4.7,7.3,7.34
OTT00410,Sci-Fi,English,39,2020,12.8,8.4,14.15
OTT00411,Sci-Fi,Telugu,36,2024,18.3,7.5,6.11
OTT00412,Action,Korean,43,2021,13.0,7.3,12.8
OTT00413,Drama,Telugu,33,2025,27.2,7.1,14.37
OTT00414,Sci-Fi,Korean,60,2023,17.7,4.7,4.61
OTT00415,Action,Tamil,86,2024,14.5,6.7,7.53
OTT00416,Action,Hindi,37,2019,19.6,9.7,10.9
OTT00417,Drama,English,67,2020,12.8,7.2,12.31
OTT00418,Crime,Tamil,29,2020,21.4,7.9,7.09
OTT00419,Crime,Hindi,62,2018,7.5,7.2,11.0
OTT00420,Drama,Hindi,55,2021,4.0,8.0,5.98
OTT00421,Comedy,Telugu,51,2025,7.7,7.8,13.46
OTT00422,Thriller,Hindi,44,2024,38.9,6.4,15.69
OTT00423,Sci-Fi,Korean,22,2022,7.8,8.5,7.43
OTT00424,Crime,English,20,2023,13.6,7.7,13.33
OTT00425,Drama,Telugu,41,2025,24.3,7.7,7.66
OTT00426,Comedy,English,68,2023,4.8,7.9,12.61
OTT00427,Drama,Telugu,39,2022,16.5,6.1,6.38
OTT00428,Thriller,Tamil,37,2022,57.9,7.6,21.02
OTT00429,Comedy,English,76,2025,10.2,5.9,4.15
OTT00430,Thriller,English,57,2020,60.5,7.8,19.74
OTT00431,Romance,Telugu,68,2018,15.6,6.5,5.2
OTT00432,Action,Hindi,60,2020,19.3,7.1,10.2
OTT00433,Drama,English,64,2026,17.4,8.2,26.79
OTT00434,Drama,English,27,2026,16.8,6.3,15.59
OTT00435,Action,English,48,2026,22.6,6.9,8.23
OTT00436,Romance,Hindi,32,2024,16.2,6.0,7.15
OTT00437,Comedy,Hindi,47,2025,37.7,8.6,12.54
OTT00438,Romance,English,36,2018,17.1,5.9,8.24
OTT00439,Action,Spanish,69,2026,10.6,5.2,4.41
OTT00440,Thriller,Malayalam,42,2024,18.4,8.4,7.0
OTT00441,Sci-Fi,Hindi,57,2022,25.2,6.2,9.46
OTT00442,Action,English,63,2025,26.4,7.9,21.48
OTT00443,Crime,English,65,2020,16.8,7.2,6.65
OTT00444,Action,English,52,2023,4.0,7.3,13.52
OTT00445,Comedy,Korean,36,2026,20.5,6.5,11.08
OTT00446,Drama,English,42,2024,14.2,5.4,8.1
OTT00447,Drama,English,65,2021,46.8,6.9,22.65
OTT00448,Crime,Spanish,55,2018,24.2,8.7,10.26
OTT00449,Documentary,English,31,2023,17.5,6.6,6.86
OTT00450,Crime,Korean,52,2026,56.9,7.1,15.36
OTT00451,Drama,Malayalam,49,2022,12.9,8.4,10.28
OTT00452,Action,Hindi,24,2019,19.9,7.2,7.04
OTT00453,Romance,Tamil,61,2019,17.9,8.1,9.3
OTT00454,Romance,Hindi,59,2024,8.7,8.0,11.27
OTT00455,Thriller,Korean,57,2018,17.6,6.6,5.08
OTT00456,Drama,English,20,2025,14.8,7.1,12.67
OTT00457,Thriller,English,84,2026,22.7,7.2,6.2
OTT00458,Action,Telugu,55,2023,29.6,6.6,8.88
OTT00459,Crime,Hindi,54,2022,34.1,7.6,11.99
OTT00460,Romance,English,66,2022,14.4,8.1,14.25
OTT00461,Thriller,Telugu,78,2019,8.5,6.8,6.81
OTT00462,Sci-Fi,English,61,2018,4.0,8.3,8.29
OTT00463,Action,Korean,56,2022,14.1,8.5,6.88
OTT00464,Drama,English,65,2022,21.7,7.4,6.3
OTT00465,Comedy,Hindi,31,2019,14.3,7.5,4.83
OTT00466,Comedy,Telugu,79,2026,4.2,8.1,4.44
OTT00467,Thriller,Spanish,44,2024,35.2,6.7,9.96
OTT00468,Thriller,Korean,39,2022,40.4,7.5,12.62
OTT00469,Drama,English,53,2021,24.6,8.4,10.31
OTT00470,Comedy,Tamil,53,2021,15.1,8.4,12.57
OTT00471,Comedy,Telugu,46,2026,22.4,6.7,11.29
OTT00472,Comedy,Tamil,34,2023,23.5,7.4,14.7
OTT00473,Romance,Tamil,66,2018,37.4,7.2,11.86
OTT00474,Drama,English,69,2024,20.3,6.4,14.37
OTT00475,Action,Hindi,33,2018,8.0,8.2,8.64
OTT00476,Crime,Hindi,30,2018,28.6,6.2,5.89
OTT00477,Action,Hindi,43,2024,14.8,7.9,10.61
OTT00478,Documentary,Hindi,55,2019,6.6,5.9,2.8
OTT00479,Crime,Hindi,26,2025,10.1,7.5,11.51
OTT00480,Drama,Korean,48,2019,27.2,6.5,9.38
OTT00481,Drama,English,52,2018,7.0,7.8,6.32
OTT00482,Action,Hindi,72,2018,14.0,7.6,6.71
OTT00483,Thriller,Korean,44,2026,15.3,7.9,12.79
OTT00484,Drama,English,66,2026,14.5,7.3,11.15
OTT00485,Drama,Spanish,61,2026,18.9,6.0,5.05
OTT00486,Drama,English,34,2021,17.9,7.6,9.31
OTT00487,Romance,Tamil,75,2025,36.5,7.3,16.59
OTT00488,Thriller,Hindi,35,2022,15.8,5.9,6.86
OTT00489,Sci-Fi,English,64,2021,15.1,7.8,12.0
OTT00490,Romance,Spanish,36,2020,29.5,6.8,11.2
OTT00491,Crime,Telugu,68,2020,19.2,5.0,8.3
OTT00492,Comedy,Tamil,40,2024,35.8,6.3,7.67
OTT00493,Thriller,Malayalam,94,2026,100.0,5.5,17.41
OTT00494,Romance,English,49,2019,31.1,8.0,20.64
OTT00495,Comedy,Hindi,74,2022,5.9,7.7,3.88
OTT00496,Action,English,68,2018,28.7,7.2,6.77
OTT00497,Crime,Telugu,41,2020,13.3,6.0,5.44
OTT00498,Drama,Malayalam,57,2019,16.5,6.7,4.05
OTT00499,Comedy,English,73,2020,5.6,8.0,7.93
OTT00500,Crime,Spanish,69,2023,33.9,7.6,6.32
OTT00501,Sci-Fi,Hindi,21,2019,20.5,7.0,18.14
OTT00502,Romance,Spanish,47,2025,23.9,8.3,9.65
OTT00503,Romance,Hindi,68,2023,15.0,4.0,2.01
OTT00504,Romance,Hindi,60,2024,13.1,6.9,9.92
OTT00505,Crime,Hindi,47,2022,40.7,7.6,19.81
OTT00506,Drama,Telugu,55,2025,4.0,6.6,5.27
OTT00507,Thriller,English,83,2024,52.2,9.1,39.5
OTT00508,Drama,Tamil,34,2025,29.0,6.4,14.8
OTT00509,Action,Korean,20,2024,34.2,8.7,14.38
OTT00510,Action,Tamil,54,2022,78.3,6.7,22.43
OTT00511,Documentary,Korean,25,2023,17.7,6.4,4.97
OTT00512,Sci-Fi,Korean,57,2026,18.8,5.9,11.25
OTT00513,Drama,Korean,52,2024,18.5,8.2,7.23
OTT00514,Comedy,English,82,2018,27.5,6.0,9.21
OTT00515,Thriller,English,64,2024,36.3,7.1,20.39
OTT00516,Crime,Telugu,67,2020,31.6,8.4,14.96
OTT00517,Drama,Hindi,45,2020,15.8,8.3,9.12
OTT00518,Thriller,Hindi,59,2018,14.3,6.5,8.89
OTT00519,Documentary,Korean,64,2026,15.3,7.3,5.44
OTT00520,Action,Hindi,35,2021,19.0,7.4,9.92
OTT00521,Crime,English,43,2024,35.1,8.0,17.66
OTT00522,Thriller,Hindi,46,2024,6.8,7.5,11.61
OTT00523,Crime,Hindi,26,2018,5.9,7.2,5.17
OTT00524,Drama,English,20,2023,27.4,7.4,15.39
OTT00525,Drama,English,22,2025,13.6,6.5,6.05
OTT00526,Romance,Telugu,55,2021,17.2,6.7,4.78
OTT00527,Action,English,51,2019,29.7,7.1,9.44
OTT00528,Thriller,Tamil,31,2020,6.8,7.1,7.44
OTT00529,Romance,English,58,2019,34.1,8.6,19.37
OTT00530,Action,Telugu,40,2024,4.6,6.9,8.08
OTT00531,Thriller,Spanish,30,2018,20.8,7.4,6.99
OTT00532,Comedy,Tamil,70,2018,14.7,6.1,6.82
OTT00533,Drama,Telugu,49,2024,22.1,7.5,11.02
OTT00534,Thriller,Hindi,30,2025,13.3,7.9,13.15
OTT00535,Thriller,Tamil,42,2022,8.0,6.4,4.55
OTT00536,Comedy,English,57,2021,32.5,6.6,9.48
OTT00537,Action,English,57,2019,13.9,8.3,10.91
OTT00538,Romance,Hindi,78,2023,22.3,7.9,8.3
OTT00539,Sci-Fi,Hindi,64,2024,24.7,7.0,9.03
OTT00540,Action,Tamil,56,2026,20.5,6.5,12.37
OTT00541,Sci-Fi,Hindi,46,2019,12.9,5.3,2.18
OTT00542,Thriller,Hindi,67,2021,24.5,7.1,12.38
OTT00543,Crime,English,37,2024,45.6,8.1,15.14
OTT00544,Action,Spanish,57,2018,19.8,5.7,6.56
OTT00545,Comedy,Tamil,59,2018,41.3,7.4,8.79
OTT00546,Crime,Hindi,38,2018,26.0,7.5,11.5
OTT00547,Action,Hindi,43,2021,4.5,6.5,6.36
OTT00548,Drama,Telugu,52,2024,19.0,8.3,10.64
OTT00549,Drama,Spanish,75,2020,34.2,7.2,8.93
OTT00550,Romance,Malayalam,72,2025,20.0,7.3,6.97
OTT00551,Comedy,English,67,2022,8.4,6.9,4.5
OTT00552,Thriller,Tamil,73,2023,28.2,9.8,13.02
OTT00553,Romance,Korean,20,2022,37.5,5.9,16.63
OTT00554,Crime,English,67,2024,16.9,7.9,10.67
OTT00555,Romance,English,20,2019,10.5,7.4,6.38
OTT00556,Sci-Fi,Hindi,61,2019,19.6,6.9,4.65
OTT00557,Crime,Telugu,43,2020,12.6,7.9,8.56
OTT00558,Comedy,English,27,2026,7.2,8.1,11.52
OTT00559,Action,Tamil,34,2019,16.1,8.4,8.39
OTT00560,Romance,Hindi,61,2024,10.4,7.1,12.07
OTT00561,Drama,Tamil,44,2026,5.7,8.5,8.29
OTT00562,Crime,Tamil,39,2020,11.8,7.8,8.02
OTT00563,Action,English,97,2023,34.4,7.2,9.52
OTT00564,Documentary,Spanish,45,2020,11.2,7.4,3.78
OTT00565,Drama,English,40,2019,26.7,6.6,7.52
OTT00566,Action,English,44,2022,14.5,6.6,5.56
OTT00567,Action,English,36,2018,40.4,7.3,24.0
OTT00568,Crime,Spanish,48,2020,45.6,9.0,19.7
OTT00569,Action,Hindi,57,2022,28.0,6.9,12.17
OTT00570,Drama,Hindi,65,2021,45.1,6.6,16.11
OTT00571,Action,English,63,2022,24.5,7.5,8.54
OTT00572,Drama,Hindi,57,2019,23.3,9.0,20.89
OTT00573,Romance,Tamil,54,2019,28.7,6.1,5.23
OTT00574,Romance,Hindi,56,2026,22.0,8.0,9.67
OTT00575,Comedy,Korean,69,2024,20.9,7.2,12.23
OTT00576,Comedy,English,45,2026,23.7,8.2,38.96
OTT00577,Thriller,Hindi,35,2024,24.0,6.9,10.89
OTT00578,Thriller,Malayalam,93,2021,9.1,6.5,4.96
OTT00579,Comedy,Hindi,53,2026,32.5,9.7,21.9
OTT00580,Thriller,Tamil,47,2024,43.0,6.8,11.69
OTT00581,Comedy,Tamil,39,2020,39.4,7.0,8.28
OTT00582,Thriller,Telugu,35,2024,25.4,7.3,10.42
OTT00583,Romance,Tamil,63,2022,39.8,8.0,11.91
OTT00584,Comedy,English,68,2022,20.6,6.8,8.82
OTT00585,Romance,Hindi,42,2025,47.2,8.4,20.86
OTT00586,Action,Telugu,44,2022,23.8,6.6,10.44
OTT00587,Comedy,Tamil,47,2023,30.8,7.3,7.15
OTT00588,Sci-Fi,English,47,2021,30.5,7.9,16.13
OTT00589,Action,Tamil,37,2020,26.3,6.5,8.15
OTT00590,Romance,Hindi,46,2021,31.2,8.3,10.45
OTT00591,Thriller,English,72,2021,10.8,7.0,9.43
OTT00592,Comedy,Malayalam,59,2024,61.0,5.2,11.05
OTT00593,Comedy,Malayalam,39,2022,10.4,7.8,8.84
OTT00594,Drama,Tamil,69,2018,14.5,7.1,7.14
OTT00595,Sci-Fi,English,53,2019,29.7,8.5,12.4
OTT00596,Action,English,43,2023,12.0,7.3,11.75
OTT00597,Drama,Tamil,41,2021,18.1,6.8,9.61
OTT00598,Sci-Fi,Tamil,43,2020,13.1,5.5,3.88
OTT00599,Comedy,English,44,2021,20.5,4.7,3.39
OTT00600,Documentary,Korean,57,2023,16.0,8.3,5.48
OTT00601,Comedy,Hindi,37,2022,13.1,6.5,8.63
OTT00602,Crime,Korean,36,2019,10.6,5.3,2.39
OTT00603,Comedy,Korean,74,2019,53.3,9.4,13.29
OTT00604,Drama,Tamil,27,2023,13.3,6.5,6.64
OTT00605,Action,English,33,2025,30.4,8.3,11.54
OTT00606,Sci-Fi,English,47,2022,33.4,5.8,8.99
OTT00607,Drama,Korean,31,2021,20.8,8.8,8.29
OTT00608,Comedy,Hindi,52,2022,25.1,6.4,9.09
OTT00609,Drama,Tamil,84,2026,13.3,7.9,10.77
OTT00610,Drama,Telugu,48,2021,35.3,8.6,17.98
OTT00611,Comedy,Korean,43,2019,40.3,7.5,18.49
OTT00612,Drama,English,25,2023,14.7,6.6,7.86
OTT00613,Drama,English,63,2019,11.2,6.8,6.42
OTT00614,Action,Tamil,58,2022,29.4,8.2,8.98
OTT00615,Action,Spanish,66,2026,27.1,6.3,8.71
OTT00616,Romance,English,48,2024,20.6,6.9,10.14
OTT00617,Drama,Spanish,35,2021,5.7,7.3,3.38
OTT00618,Sci-Fi,Hindi,74,2026,19.1,7.5,14.43
OTT00619,Drama,English,37,2018,8.5,8.8,12.56
OTT00620,Romance,Tamil,32,2024,23.9,6.9,6.76
OTT00621,Crime,English,48,2023,29.5,7.3,8.86
OTT00622,Romance,Malayalam,77,2022,12.8,7.6,6.55
OTT00623,Thriller,Korean,20,2022,33.0,5.5,6.22
OTT00624,Thriller,Hindi,60,2025,22.1,8.4,12.27
OTT00625,Action,English,49,2018,14.3,6.2,7.97
OTT00626,Thriller,English,55,2022,22.4,9.1,13.0
OTT00627,Sci-Fi,Spanish,54,2020,28.9,7.3,8.47
OTT00628,Documentary,Hindi,56,2023,11.9,7.5,7.79
OTT00629,Action,Tamil,91,2023,20.4,7.1,13.21
OTT00630,Documentary,Tamil,49,2024,7.7,6.6,2.86
OTT00631,Drama,Korean,63,2018,8.4,8.2,10.89
OTT00632,Drama,English,47,2023,9.0,6.9,9.06
OTT00633,Drama,Hindi,52,2019,17.7,8.9,17.49
OTT00634,Thriller,Tamil,49,2019,18.5,7.1,7.77
OTT00635,Thriller,Spanish,36,2023,18.3,7.6,7.41
OTT00636,Action,English,79,2026,8.1,7.6,11.43
OTT00637,Thriller,English,48,2022,21.9,7.5,11.69
OTT00638,Sci-Fi,Hindi,67,2021,20.4,7.8,15.78
OTT00639,Drama,Tamil,26,2022,19.1,8.1,7.34
OTT00640,Crime,English,50,2018,24.0,7.2,11.67
OTT00641,Comedy,Telugu,47,2025,8.3,9.0,11.32
OTT00642,Comedy,English,52,2019,9.3,8.0,9.24
OTT00643,Sci-Fi,Tamil,65,2025,19.2,7.1,6.16
OTT00644,Thriller,English,37,2020,54.6,6.7,11.32
OTT00645,Romance,Malayalam,61,2024,12.2,7.1,6.48
OTT00646,Thriller,English,40,2024,25.6,7.2,10.22
OTT00647,Romance,English,48,2021,11.6,6.6,14.85
OTT00648,Thriller,Hindi,74,2024,20.5,6.2,19.45
OTT00649,Action,Hindi,25,2020,27.7,8.0,19.8
OTT00650,Thriller,Hindi,41,2022,54.9,7.1,24.05
OTT00651,Thriller,Telugu,31,2018,43.6,7.1,14.0
OTT00652,Documentary,English,20,2023,14.2,8.2,8.13
OTT00653,Documentary,Hindi,43,2025,20.5,7.4,12.39
OTT00654,Crime,Telugu,31,2026,10.5,7.8,6.83
OTT00655,Action,Tamil,62,2026,12.1,8.3,15.38
OTT00656,Romance,Hindi,32,2018,17.3,6.6,6.92
OTT00657,Thriller,Tamil,48,2023,14.7,6.3,7.74
OTT00658,Drama,English,43,2023,14.4,7.4,6.91
OTT00659,Comedy,Telugu,51,2021,18.2,7.5,10.45
OTT00660,Comedy,Tamil,46,2024,17.8,6.5,11.09
OTT00661,Action,Hindi,39,2024,19.7,8.1,23.57
OTT00662,Documentary,Telugu,66,2021,26.9,6.5,7.14
OTT00663,Crime,Telugu,76,2021,16.9,6.1,3.61
OTT00664,Drama,Tamil,55,2022,6.2,9.1,11.59
OTT00665,Romance,Tamil,37,2018,26.9,7.0,5.85
OTT00666,Drama,Hindi,74,2024,7.0,8.6,10.86
OTT00667,Drama,Tamil,51,2019,6.7,7.3,5.17
OTT00668,Crime,Telugu,66,2022,18.6,8.5,8.6
OTT00669,Drama,Spanish,41,2026,26.5,7.6,18.08
OTT00670,Drama,English,72,2024,20.4,9.2,33.53
OTT00671,Action,English,74,2023,20.7,5.8,6.73
OTT00672,Drama,English,44,2018,22.5,8.2,7.22
OTT00673,Documentary,English,78,2025,28.2,6.2,7.25
OTT00674,Action,Spanish,38,2022,13.5,5.7,3.73
OTT00675,Thriller,English,58,2025,17.1,6.6,11.36
OTT00676,Thriller,Spanish,74,2018,16.6,5.6,5.02
OTT00677,Action,Hindi,58,2026,19.8,7.2,8.71
OTT00678,Action,Telugu,65,2020,15.0,8.0,10.3
OTT00679,Thriller,Korean,47,2020,21.9,7.7,13.65
OTT00680,Crime,Tamil,72,2026,36.7,6.6,6.18
OTT00681,Comedy,Tamil,36,2024,11.9,7.3,6.36
OTT00682,Thriller,English,53,2018,38.8,6.8,15.66
OTT00683,Comedy,Hindi,33,2024,25.0,7.0,13.34
OTT00684,Drama,Spanish,67,2026,13.8,7.3,7.69
OTT00685,Thriller,English,32,2022,8.5,8.0,5.76
OTT00686,Thriller,English,73,2020,26.3,6.1,10.93
OTT00687,Comedy,English,36,2026,14.4,7.0,13.06
OTT00688,Thriller,Telugu,40,2023,8.1,7.2,8.25
OTT00689,Comedy,Tamil,59,2024,23.9,6.0,4.51
OTT00690,Thriller,Tamil,68,2021,15.5,7.4,7.18
OTT00691,Drama,Hindi,63,2023,7.1,7.0,8.73
OTT00692,Action,English,23,2020,10.9,7.2,7.54
OTT00693,Thriller,Hindi,63,2023,22.1,7.5,7.55
OTT00694,Drama,Malayalam,52,2018,18.2,6.9,5.24
OTT00695,Romance,Telugu,65,2019,9.8,6.9,4.86
OTT00696,Drama,Tamil,34,2019,5.5,6.7,8.11
OTT00697,Drama,English,66,2020,47.5,8.0,13.84
OTT00698,Drama,Korean,62,2023,8.4,6.3,9.78
OTT00699,Drama,Korean,55,2024,5.5,6.2,4.38
OTT00700,Comedy,English,89,2019,17.9,7.0,10.6
OTT00701,Drama,Telugu,31,2018,14.0,5.3,2.04
OTT00702,Romance,Korean,44,2021,22.9,6.9,13.96
OTT00703,Drama,Tamil,56,2024,20.2,7.6,11.54
OTT00704,Crime,English,44,2023,14.2,7.8,12.67
OTT00705,Thriller,Hindi,61,2023,7.9,5.2,5.36
OTT00706,Comedy,English,65,2019,16.9,6.6,8.95
OTT00707,Documentary,English,76,2021,25.4,6.8,10.65
OTT00708,Comedy,Hindi,37,2026,14.0,6.4,7.41
OTT00709,Action,Tamil,62,2020,48.6,6.8,12.32
OTT00710,Action,Hindi,20,2020,19.2,6.4,13.17
OTT00711,Sci-Fi,Hindi,60,2021,15.2,6.6,6.43
OTT00712,Comedy,English,56,2018,20.0,6.6,4.78
OTT00713,Crime,Tamil,31,2021,15.6,9.2,4.45
OTT00714,Drama,Telugu,61,2020,30.2,7.4,11.62
OTT00715,Comedy,English,36,2024,14.4,7.2,14.96
OTT00716,Action,English,24,2019,16.5,8.1,10.47
OTT00717,Thriller,Tamil,47,2023,7.4,6.2,5.06
OTT00718,Thriller,Spanish,62,2018,9.3,7.8,7.78
OTT00719,Drama,Tamil,63,2026,11.5,7.7,11.73
OTT00720,Action,Hindi,60,2021,19.6,7.5,26.39
OTT00721,Thriller,Telugu,50,2026,32.3,7.3,17.22
OTT00722,Sci-Fi,Tamil,55,2019,28.9,7.3,14.67
OTT00723,Action,Tamil,81,2025,8.0,6.1,8.48
OTT00724,Romance,English,69,2023,21.6,7.3,7.83
OTT00725,Thriller,English,45,2024,15.2,7.6,15.33
OTT00726,Action,Hindi,72,2020,36.8,7.6,20.86
OTT00727,Comedy,English,58,2026,38.9,7.0,11.31
OTT00728,Sci-Fi,English,45,2021,7.3,8.0,6.43
OTT00729,Documentary,Korean,69,2025,13.2,8.1,16.61
OTT00730,Romance,Spanish,44,2021,8.0,7.4,9.12
OTT00731,Drama,Tamil,32,2025,14.3,8.0,6.62
OTT00732,Comedy,Hindi,68,2018,13.6,7.9,9.82
OTT00733,Action,Tamil,76,2026,15.4,7.2,8.67
OTT00734,Romance,English,62,2022,70.3,7.5,17.93
OTT00735,Action,Hindi,32,2025,9.2,5.4,3.53
OTT00736,Action,Korean,60,2018,13.6,7.5,10.32
OTT00737,Thriller,English,37,2022,30.4,7.7,13.61
OTT00738,Action,Korean,51,2026,49.1,8.0,24.03
OTT00739,Action,Hindi,53,2023,17.4,6.9,9.48
OTT00740,Drama,English,62,2020,32.7,6.8,12.77
OTT00741,Thriller,English,66,2023,15.0,7.1,24.99
OTT00742,Sci-Fi,Korean,48,2026,11.2,7.3,11.79
OTT00743,Documentary,English,43,2022,15.8,8.4,6.75
OTT00744,Crime,Spanish,58,2021,27.0,6.1,12.21
OTT00745,Comedy,Malayalam,73,2022,6.2,8.1,14.0
OTT00746,Thriller,Korean,54,2018,10.2,8.5,5.96
OTT00747,Drama,Hindi,46,2020,22.2,7.4,7.16
OTT00748,Documentary,Tamil,40,2025,8.3,7.0,3.98
OTT00749,Documentary,Tamil,69,2026,10.5,7.1,8.69
OTT00750,Drama,Malayalam,20,2019,25.1,7.1,4.13
OTT00751,Drama,Spanish,52,2026,76.7,8.6,36.4
OTT00752,Drama,Telugu,45,2021,20.0,6.2,4.31
OTT00753,Comedy,Hindi,53,2018,13.6,8.1,13.18
OTT00754,Crime,English,50,2022,8.8,7.0,10.86
OTT00755,Drama,Korean,30,2019,10.9,6.8,10.04
OTT00756,Crime,English,41,2022,4.9,6.8,6.59
OTT00757,Documentary,Korean,69,2020,14.1,9.0,17.98
OTT00758,Comedy,Korean,48,2026,50.5,7.1,20.62
OTT00759,Crime,Korean,40,2021,26.8,8.4,8.11
OTT00760,Action,Malayalam,28,2026,13.3,7.1,6.62
OTT00761,Thriller,Hindi,89,2026,12.4,6.5,15.9
OTT00762,Action,Tamil,62,2018,16.2,9.1,11.09
OTT00763,Romance,Tamil,43,2022,18.3,6.4,6.75
OTT00764,Crime,Tamil,53,2025,13.5,6.6,10.9
OTT00765,Romance,English,69,2021,10.6,8.2,15.7
OTT00766,Drama,English,33,2024,4.0,7.6,7.44
OTT00767,Action,Hindi,48,2025,5.7,8.8,12.91
OTT00768,Drama,Spanish,63,2025,42.6,8.2,17.97
OTT00769,Action,Korean,49,2019,6.3,7.3,12.03
OTT00770,Comedy,English,41,2022,8.6,7.8,6.54
OTT00771,Thriller,Telugu,50,2025,11.2,7.7,8.14
OTT00772,Romance,Hindi,55,2022,5.0,8.7,6.71
OTT00773,Comedy,Tamil,36,2022,37.0,7.2,7.81
OTT00774,Comedy,Tamil,51,2020,22.9,6.9,6.97
OTT00775,Sci-Fi,English,61,2025,21.5,6.8,8.59
OTT00776,Romance,Hindi,62,2021,34.0,7.7,14.33
OTT00777,Thriller,Hindi,29,2026,19.5,8.8,20.84
OTT00778,Action,Korean,70,2019,10.2,8.6,18.1
OTT00779,Thriller,English,63,2020,16.1,8.2,28.14
OTT00780,Sci-Fi,Telugu,52,2021,14.9,6.4,4.77
OTT00781,Action,Telugu,52,2021,14.8,7.6,7.58
OTT00782,Action,Tamil,33,2023,25.1,6.8,11.62
OTT00783,Documentary,Spanish,24,2022,8.4,6.3,3.59
OTT00784,Comedy,English,72,2018,12.2,7.7,9.69
OTT00785,Sci-Fi,English,38,2021,31.8,7.6,17.99
OTT00786,Drama,Tamil,36,2018,4.6,6.8,3.08
OTT00787,Drama,Korean,38,2022,8.6,8.3,4.62
OTT00788,Drama,Korean,20,2019,32.5,5.7,5.97
OTT00789,Drama,English,41,2018,13.4,5.6,4.28
OTT00790,Drama,English,53,2026,25.5,6.8,17.04
OTT00791,Thriller,English,46,2020,49.2,7.9,15.01
OTT00792,Romance,Telugu,31,2026,13.7,7.3,8.16
OTT00793,Romance,Hindi,51,2022,14.5,7.5,12.35
OTT00794,Romance,Malayalam,42,2022,24.7,5.5,3.69
OTT00795,Action,English,51,2019,9.5,8.4,15.39
OTT00796,Action,Spanish,39,2019,15.9,6.7,5.98
OTT00797,Romance,Hindi,56,2019,39.4,8.6,18.49
OTT00798,Romance,Hindi,74,2025,54.4,6.5,13.69
OTT00799,Action,Korean,49,2023,12.6,7.8,15.75
OTT00800,Romance,Hindi,42,2020,23.0,6.9,8.26
OTT00801,Action,English,57,2021,23.4,7.3,7.97
OTT00802,Thriller,English,63,2022,29.9,7.6,13.58
OTT00803,Romance,English,44,2018,13.2,7.6,11.86
OTT00804,Action,Hindi,38,2019,24.1,7.4,14.36
OTT00805,Thriller,Spanish,56,2021,14.4,7.1,9.12
OTT00806,Thriller,English,55,2023,29.0,8.4,25.77
OTT00807,Action,Malayalam,20,2019,29.0,6.0,3.33
OTT00808,Crime,Hindi,64,2022,21.5,7.7,25.15
OTT00809,Romance,Spanish,59,2024,16.0,8.7,10.42
OTT00810,Action,Hindi,41,2019,4.3,8.3,4.71
OTT00811,Romance,Korean,61,2024,8.7,7.6,8.95
OTT00812,Romance,English,75,2024,9.7,7.5,14.78
OTT00813,Comedy,Tamil,54,2024,45.7,8.5,17.7
OTT00814,Comedy,English,49,2026,13.8,8.2,14.06
OTT00815,Romance,English,81,2018,12.6,6.7,7.77
OTT00816,Drama,Hindi,59,2025,19.0,7.3,16.57
OTT00817,Comedy,Malayalam,20,2025,12.3,8.4,9.16
OTT00818,Crime,English,36,2022,7.0,5.3,3.34
OTT00819,Action,English,55,2019,9.2,7.5,17.09
OTT00820,Thriller,Telugu,50,2026,12.2,6.3,7.55
OTT00821,Drama,Hindi,44,2018,17.0,6.8,5.43
OTT00822,Comedy,Tamil,34,2018,11.0,7.0,5.17
OTT00823,Comedy,English,51,2024,12.0,9.2,13.4
OTT00824,Crime,Telugu,51,2026,34.9,8.2,20.06
OTT00825,Crime,Hindi,52,2022,24.3,8.4,25.14
OTT00826,Action,Hindi,52,2018,51.6,7.7,19.78
OTT00827,Action,Tamil,49,2024,8.2,7.8,7.87
OTT00828,Drama,English,47,2023,21.3,9.1,22.33
OTT00829,Thriller,English,69,2026,13.4,7.0,11.59
OTT00830,Romance,Telugu,51,2018,16.7,6.0,4.02
OTT00831,Drama,Malayalam,33,2024,53.1,8.1,20.18
OTT00832,Drama,Hindi,45,2018,10.0,7.8,4.63
OTT00833,Action,Telugu,21,2026,12.3,8.2,18.11
OTT00834,Action,Telugu,46,2022,52.1,8.1,21.12
OTT00835,Documentary,Tamil,69,2021,10.1,7.6,6.31
OTT00836,Comedy,English,68,2020,23.6,6.3,14.64
OTT00837,Crime,Korean,72,2018,21.6,8.4,13.15
OTT00838,Action,English,69,2022,10.5,6.7,8.81
OTT00839,Comedy,Spanish,48,2023,25.5,6.3,6.32
OTT00840,Drama,Hindi,48,2021,32.2,9.0,24.03
OTT00841,Drama,English,74,2023,16.5,7.3,12.15
OTT00842,Action,Hindi,43,2020,19.0,5.8,10.84
OTT00843,Sci-Fi,Tamil,50,2019,26.7,8.4,9.35
OTT00844,Thriller,Hindi,59,2021,19.7,6.5,14.13
OTT00845,Action,Hindi,36,2018,23.2,7.4,8.77
OTT00846,Thriller,Malayalam,37,2018,4.0,5.4,1.7
OTT00847,Comedy,Telugu,44,2026,7.2,6.5,8.47
OTT00848,Documentary,English,39,2022,30.6,5.1,7.23
OTT00849,Drama,English,28,2019,8.8,9.1,11.25
OTT00850,Thriller,Hindi,74,2019,14.5,6.5,9.42
OTT00851,Thriller,Telugu,47,2023,18.8,7.1,9.3
OTT00852,Crime,Malayalam,67,2026,36.4,7.0,14.22
OTT00853,Documentary,Tamil,40,2022,21.5,7.7,10.61
OTT00854,Thriller,Hindi,72,2022,9.0,8.1,13.98
OTT00855,Comedy,English,55,2026,22.9,7.0,12.36
OTT00856,Drama,English,48,2018,12.5,5.3,3.64
OTT00857,Drama,English,54,2026,7.2,7.6,16.06
OTT00858,Drama,Telugu,45,2020,12.1,6.2,4.97
OTT00859,Thriller,Korean,69,2025,40.3,7.2,16.52
OTT00860,Drama,Tamil,71,2021,22.3,6.3,4.98
OTT00861,Romance,Tamil,59,2020,42.1,8.5,18.79
OTT00862,Drama,Telugu,53,2025,18.2,7.8,6.78
OTT00863,Romance,English,62,2026,13.1,8.2,18.58
OTT00864,Romance,Tamil,47,2025,64.2,8.7,29.02
OTT00865,Comedy,Spanish,53,2024,8.9,7.5,8.42
OTT00866,Romance,Telugu,63,2025,11.1,9.0,12.02
OTT00867,Thriller,Hindi,35,2026,18.4,7.1,11.44
OTT00868,Crime,English,57,2022,50.0,5.9,8.43
OTT00869,Drama,English,58,2018,8.6,6.4,5.56
OTT00870,Thriller,Tamil,60,2020,22.2,8.5,6.95
OTT00871,Thriller,Hindi,57,2026,10.1,6.7,13.5
OTT00872,Action,Spanish,55,2019,53.1,7.4,13.14
OTT00873,Documentary,Telugu,27,2022,18.3,6.7,5.51
OTT00874,Comedy,Korean,64,2021,17.0,7.3,9.71
OTT00875,Drama,English,76,2025,4.8,6.4,6.8
OTT00876,Action,Korean,39,2022,26.0,8.9,14.87
OTT00877,Romance,English,38,2018,7.1,6.9,5.17
OTT00878,Action,Tamil,62,2023,19.0,7.9,17.0
OTT00879,Romance,Telugu,47,2024,51.3,6.5,12.76
OTT00880,Drama,Tamil,25,2021,14.1,6.9,12.95
OTT00881,Thriller,English,61,2024,47.9,7.6,28.29
OTT00882,Comedy,Tamil,27,2022,62.7,9.4,32.3
OTT00883,Action,Hindi,49,2019,19.9,5.8,6.71
OTT00884,Crime,Telugu,59,2025,12.8,8.8,7.68
OTT00885,Comedy,English,46,2018,34.4,9.2,16.4
OTT00886,Comedy,Hindi,69,2020,26.5,7.0,6.29
OTT00887,Drama,Hindi,21,2024,17.4,6.8,6.28
OTT00888,Comedy,English,52,2026,21.1,7.5,12.1
OTT00889,Sci-Fi,English,51,2026,35.1,6.8,11.58
OTT00890,Sci-Fi,English,23,2018,13.7,5.5,3.31
OTT00891,Drama,Korean,31,2024,28.6,7.9,23.92
OTT00892,Thriller,Hindi,51,2022,13.3,6.7,6.82
OTT00893,Romance,Tamil,50,2020,11.3,7.0,5.98
OTT00894,Romance,Korean,32,2022,50.7,6.9,17.47
OTT00895,Crime,English,53,2023,15.9,5.4,5.0
OTT00896,Action,Tamil,60,2024,10.9,8.1,7.61
OTT00897,Action,English,57,2026,41.2,6.7,28.84
OTT00898,Thriller,Korean,60,2021,50.2,6.2,11.18
OTT00899,Thriller,Hindi,54,2022,10.6,7.6,9.92
OTT00900,Documentary,Hindi,69,2020,12.5,6.7,6.85
OTT00901,Comedy,Tamil,32,2021,20.1,8.1,8.12
OTT00902,Comedy,Telugu,35,2024,6.4,6.6,8.92
OTT00903,Drama,Tamil,39,2022,34.0,7.5,11.94
OTT00904,Comedy,Telugu,54,2018,10.9,8.0,9.55
OTT00905,Sci-Fi,Hindi,67,2023,11.9,8.3,9.55
OTT00906,Drama,Tamil,41,2026,61.9,5.8,32.09
OTT00907,Documentary,English,63,2020,20.1,7.0,11.71
OTT00908,Thriller,Malayalam,63,2022,10.7,9.4,9.67
OTT00909,Crime,Spanish,50,2021,28.8,7.1,9.66
OTT00910,Romance,English,48,2021,13.3,8.4,9.6
OTT00911,Romance,Tamil,66,2022,20.0,7.5,7.69
OTT00912,Thriller,English,70,2024,48.7,7.4,17.43
OTT00913,Romance,Spanish,61,2020,94.7,6.9,33.52
OTT00914,Drama,English,44,2018,13.3,8.9,16.19
OTT00915,Romance,Spanish,73,2018,15.0,6.5,3.23
OTT00916,Crime,English,43,2018,20.2,7.4,13.65
OTT00917,Thriller,Hindi,53,2026,15.8,8.0,9.8
OTT00918,Action,English,47,2019,40.3,7.5,18.15
OTT00919,Sci-Fi,Tamil,69,2018,20.4,7.6,9.54
OTT00920,Comedy,Korean,41,2020,18.0,6.7,8.52
OTT00921,Romance,English,89,2019,11.8,7.1,7.09
OTT00922,Sci-Fi,Malayalam,88,2020,11.2,6.0,7.71
OTT00923,Comedy,Hindi,58,2025,8.9,6.6,8.22
OTT00924,Action,English,56,2026,9.4,6.7,9.31
OTT00925,Romance,Korean,83,2024,30.1,8.3,8.47
OTT00926,Drama,English,49,2020,8.0,6.5,6.21
OTT00927,Sci-Fi,Korean,46,2024,17.9,6.4,17.58
OTT00928,Sci-Fi,Telugu,44,2023,42.4,7.3,26.28
OTT00929,Drama,Tamil,64,2025,10.0,7.3,9.71
OTT00930,Thriller,Tamil,49,2024,16.3,6.6,14.94
OTT00931,Romance,English,65,2026,36.0,6.9,9.92
OTT00932,Thriller,Spanish,40,2022,26.4,7.6,7.18
OTT00933,Sci-Fi,Telugu,42,2020,27.4,7.4,13.44
OTT00934,Comedy,English,22,2022,15.9,6.9,5.89
OTT00935,Sci-Fi,Spanish,46,2024,8.9,6.7,9.67
OTT00936,Comedy,Hindi,62,2019,30.6,7.2,10.19
OTT00937,Thriller,Korean,38,2021,8.4,5.1,1.8
OTT00938,Romance,Tamil,67,2026,21.2,8.6,11.63
OTT00939,Comedy,Tamil,59,2018,11.1,8.2,5.43
OTT00940,Action,English,36,2023,22.3,8.0,18.85
OTT00941,Drama,Spanish,48,2022,7.9,6.9,3.47
OTT00942,Drama,Tamil,66,2019,30.3,7.4,7.41
OTT00943,Sci-Fi,Tamil,44,2022,13.6,8.4,6.02
OTT00944,Crime,English,54,2024,41.5,6.8,12.49
OTT00945,Thriller,Hindi,58,2025,22.1,4.9,4.97
OTT00946,Drama,Telugu,58,2022,9.0,7.6,6.15
OTT00947,Action,English,66,2020,16.0,7.3,27.2
OTT00948,Crime,Tamil,56,2021,28.8,7.5,13.51
OTT00949,Documentary,English,28,2026,21.4,9.8,15.54
OTT00950,Romance,Spanish,63,2022,10.0,7.9,5.5
OTT00951,Crime,English,44,2023,5.3,7.5,7.84
OTT00952,Action,Korean,44,2026,4.0,5.7,2.76
OTT00953,Drama,Tamil,72,2020,19.4,7.3,9.34
OTT00954,Documentary,Hindi,50,2026,6.9,8.8,7.27
OTT00955,Drama,English,46,2019,36.9,7.9,21.52
OTT00956,Drama,Hindi,57,2023,10.7,6.3,6.8
OTT00957,Thriller,Hindi,40,2020,6.5,7.3,5.53
OTT00958,Documentary,Tamil,61,2025,30.1,7.5,9.51
OTT00959,Comedy,Korean,44,2026,22.0,7.0,9.4
OTT00960,Comedy,Tamil,48,2021,36.0,8.3,14.14
OTT00961,Comedy,English,68,2023,13.0,7.2,11.37
OTT00962,Thriller,Telugu,62,2021,24.9,7.7,10.07
OTT00963,Romance,English,48,2020,15.1,7.1,8.79
OTT00964,Action,Hindi,59,2021,16.4,6.4,10.05
OTT00965,Drama,Hindi,42,2022,18.9,4.7,5.6
OTT00966,Comedy,Telugu,58,2021,10.5,6.6,8.71
OTT00967,Thriller,Spanish,68,2026,17.3,8.4,10.2
OTT00968,Romance,Hindi,73,2023,12.4,7.6,8.0
OTT00969,Crime,Spanish,61,2026,9.9,7.4,6.81
OTT00970,Action,English,67,2024,20.5,6.9,15.42
OTT00971,Comedy,Hindi,59,2018,5.1,6.7,4.91
OTT00972,Crime,Hindi,58,2025,10.6,7.4,11.54
OTT00973,Drama,Tamil,49,2022,35.6,8.1,12.09
OTT00974,Documentary,Hindi,55,2025,5.7,6.3,4.11
OTT00975,Comedy,Tamil,37,2022,23.4,7.4,17.04
OTT00976,Crime,Tamil,74,2026,5.1,7.6,7.94
OTT00977,Drama,Korean,64,2022,7.4,7.6,6.21
OTT00978,Thriller,English,71,2018,22.9,6.3,6.49
OTT00979,Drama,Spanish,60,2023,17.7,7.3,10.82
OTT00980,Documentary,English,29,2022,16.2,7.8,5.7
OTT00981,Drama,Hindi,57,2020,25.9,7.6,10.84
OTT00982,Action,English,64,2022,6.5,8.2,11.86
OTT00983,Comedy,Korean,49,2019,10.6,6.8,9.21
OTT00984,Crime,Hindi,59,2019,19.4,7.8,12.24
OTT00985,Action,Korean,39,2019,13.6,7.4,11.58
OTT00986,Thriller,Hindi,54,2021,12.6,7.2,11.6
OTT00987,Drama,Tamil,21,2025,8.2,6.8,6.46
OTT00988,Drama,Hindi,74,2022,17.5,8.9,16.25
OTT00989,Action,English,64,2024,12.4,6.2,7.23
OTT00990,Thriller,Tamil,59,2021,14.3,7.2,7.58
OTT00991,Romance,English,59,2023,29.4,6.7,10.9
OTT00992,Action,English,61,2024,12.2,9.1,10.22
OTT00993,Drama,Hindi,70,2020,14.1,8.5,11.37
OTT00994,Drama,English,51,2018,22.1,6.8,10.39
OTT00995,Comedy,Hindi,45,2019,21.8,6.4,4.42
OTT00996,Action,Tamil,83,2018,15.5,6.4,7.78
OTT00997,Drama,English,70,2020,30.0,8.1,12.62
OTT00998,Thriller,Hindi,57,2019,29.9,5.4,5.89
OTT00999,Romance,English,57,2022,14.1,7.3,11.83
OTT01000,Thriller,Hindi,37,2024,34.5,8.5,28.95
OTT01001,Drama,Korean,88,2018,19.8,7.1,6.07
OTT01002,Thriller,English,50,2024,10.2,7.1,9.25
OTT01003,Action,Korean,53,2025,22.4,7.8,8.39
OTT01004,Crime,English,50,2022,13.8,8.4,20.9
OTT01005,Crime,Hindi,48,2025,36.2,7.4,17.03
OTT01006,Romance,Spanish,46,2022,12.7,8.8,8.47
OTT01007,Romance,English,51,2025,5.1,7.5,14.41
OTT01008,Action,Spanish,34,2020,6.9,6.2,3.81
OTT01009,Comedy,Spanish,71,2025,9.5,8.1,20.07
OTT01010,Comedy,English,71,2025,15.3,6.9,13.48
OTT01011,Action,English,56,2020,11.2,7.6,17.67
OTT01012,Comedy,English,58,2018,8.6,6.9,11.16
OTT01013,Thriller,Tamil,52,2025,24.2,5.8,11.88
OTT01014,Action,Tamil,64,2021,15.2,6.5,13.96
OTT01015,Drama,Hindi,51,2024,35.8,6.7,7.35
OTT01016,Comedy,English,73,2022,28.0,7.0,9.81
OTT01017,Drama,Hindi,41,2020,6.7,7.0,7.11
OTT01018,Drama,Telugu,72,2020,31.8,5.9,9.1
OTT01019,Crime,English,29,2026,20.0,9.2,13.63
OTT01020,Romance,Hindi,96,2019,19.3,6.9,10.26
OTT01021,Thriller,English,56,2026,18.5,8.0,15.67
OTT01022,Documentary,English,53,2024,7.8,5.4,6.54
OTT01023,Drama,English,38,2018,9.5,8.0,5.78
OTT01024,Romance,Malayalam,71,2021,13.3,8.1,6.02
OTT01025,Romance,English,48,2025,37.2,6.8,11.16
OTT01026,Comedy,Korean,32,2019,27.3,6.3,8.17
OTT01027,Comedy,English,57,2025,20.2,9.6,13.4
OTT01028,Comedy,Spanish,33,2018,24.3,7.0,8.03
OTT01029,Thriller,Hindi,40,2020,6.3,5.9,4.37
OTT01030,Drama,Hindi,58,2021,35.7,6.4,16.12
OTT01031,Thriller,Malayalam,52,2019,22.3,8.2,11.14
OTT01032,Crime,Hindi,50,2021,15.0,7.6,9.84
OTT01033,Action,Korean,39,2021,36.6,7.5,13.79
OTT01034,Romance,English,55,2026,19.5,7.1,18.68
OTT01035,Comedy,Korean,52,2025,37.6,6.6,12.33
OTT01036,Crime,Malayalam,55,2026,13.7,8.0,6.63
OTT01037,Romance,Hindi,34,2021,28.8,7.3,8.76
OTT01038,Action,Spanish,58,2024,8.9,7.1,18.13
OTT01039,Thriller,Korean,47,2024,35.6,7.8,16.67
OTT01040,Thriller,Hindi,23,2021,40.5,6.3,11.31
OTT01041,Thriller,Malayalam,60,2018,13.9,8.4,9.53
OTT01042,Crime,Spanish,52,2024,51.4,7.3,22.34
OTT01043,Crime,Tamil,49,2022,18.2,5.9,5.49
OTT01044,Sci-Fi,Spanish,60,2021,16.2,7.6,8.44
OTT01045,Documentary,Hindi,50,2023,11.9,7.3,5.77
OTT01046,Crime,Korean,48,2020,35.2,7.1,6.38
OTT01047,Documentary,Telugu,66,2019,39.0,7.9,5.28
OTT01048,Drama,Hindi,52,2025,14.8,6.5,9.5
OTT01049,Action,English,64,2026,36.5,7.0,10.96
OTT01050,Action,Hindi,58,2021,11.2,7.2,8.52
OTT01051,Drama,Tamil,72,2023,15.2,7.8,9.08
OTT01052,Action,English,81,2021,11.2,7.4,8.09
OTT01053,Action,Telugu,36,2019,10.5,8.1,5.33
OTT01054,Romance,Spanish,69,2026,4.9,7.2,8.17
OTT01055,Thriller,Telugu,50,2018,7.6,6.1,3.01
OTT01056,Action,English,41,2022,40.1,7.6,17.82
OTT01057,Romance,Hindi,66,2023,18.2,6.9,20.45
OTT01058,Comedy,English,70,2023,10.7,8.5,11.31
OTT01059,Romance,Tamil,31,2021,21.4,7.2,5.16
OTT01060,Drama,Hindi,36,2024,20.2,5.6,5.07
OTT01061,Thriller,English,38,2018,7.9,7.3,8.77
OTT01062,Romance,Spanish,50,2022,15.9,7.3,11.8
OTT01063,Romance,Tamil,55,2020,24.0,8.3,16.68
OTT01064,Drama,Malayalam,51,2018,13.1,6.8,6.57
OTT01065,Comedy,Hindi,70,2018,6.4,6.5,3.36
OTT01066,Drama,Korean,52,2019,16.9,7.7,14.71
OTT01067,Crime,English,43,2019,9.0,7.1,4.89
OTT01068,Romance,Korean,43,2019,8.8,5.2,3.19
OTT01069,Romance,English,68,2021,21.7,8.0,9.02
OTT01070,Crime,Tamil,37,2020,18.7,7.3,13.76
OTT01071,Crime,Hindi,57,2026,12.4,7.6,16.73
OTT01072,Sci-Fi,Tamil,61,2023,33.7,8.7,12.31
OTT01073,Comedy,Spanish,47,2026,32.3,6.2,5.66
OTT01074,Thriller,Telugu,34,2018,29.9,7.9,7.4
OTT01075,Drama,English,42,2022,13.5,8.4,7.58
OTT01076,Romance,Korean,42,2018,6.1,6.2,1.98
OTT01077,Thriller,Tamil,62,2021,47.8,8.0,21.54
OTT01078,Thriller,Tamil,61,2021,34.7,5.7,9.44
OTT01079,Crime,Spanish,72,2026,12.0,6.8,9.91
OTT01080,Action,Telugu,60,2024,11.8,7.3,7.16
OTT01081,Crime,Tamil,36,2021,12.5,8.0,4.7
OTT01082,Drama,English,59,2020,18.6,7.0,11.27
OTT01083,Sci-Fi,Tamil,63,2023,23.2,5.5,5.81
OTT01084,Drama,Tamil,44,2025,16.0,7.3,9.45
OTT01085,Documentary,English,37,2023,7.7,5.7,4.74
OTT01086,Action,Hindi,62,2025,9.8,6.0,7.47
OTT01087,Drama,Tamil,65,2021,9.0,7.4,9.33
OTT01088,Drama,Korean,42,2019,40.6,7.5,14.77
OTT01089,Thriller,English,41,2020,42.8,5.9,9.48
OTT01090,Romance,Korean,33,2019,25.6,8.2,10.83
OTT01091,Thriller,English,76,2024,29.8,6.9,9.22
OTT01092,Documentary,English,38,2018,17.5,7.4,12.99
OTT01093,Romance,English,30,2026,14.3,7.5,9.14
OTT01094,Comedy,Malayalam,61,2025,13.5,6.4,9.82
OTT01095,Crime,Telugu,20,2018,20.0,7.9,6.94
OTT01096,Action,Tamil,34,2020,9.0,7.1,6.77
OTT01097,Action,Tamil,22,2018,8.9,6.2,5.63
OTT01098,Action,Korean,84,2020,10.7,7.0,9.23
OTT01099,Action,English,36,2018,20.9,7.5,16.56
OTT01100,Comedy,Hindi,43,2019,10.5,8.3,11.14
OTT01101,Comedy,English,56,2022,6.5,7.7,8.68
OTT01102,Comedy,Tamil,57,2026,26.8,7.7,13.89
OTT01103,Comedy,Tamil,40,2026,6.7,6.6,5.62
OTT01104,Sci-Fi,Malayalam,39,2020,24.6,8.3,6.81
OTT01105,Drama,Hindi,39,2024,11.0,7.3,7.49
OTT01106,Action,English,61,2023,8.9,7.8,11.66
OTT01107,Thriller,Hindi,55,2019,13.8,7.9,8.18
OTT01108,Romance,Tamil,36,2025,21.8,6.5,17.8
OTT01109,Comedy,Hindi,59,2023,25.3,6.6,11.95
OTT01110,Romance,Hindi,76,2025,26.2,7.0,10.71
OTT01111,Sci-Fi,Telugu,40,2026,17.6,6.4,14.19
OTT01112,Crime,Korean,62,2022,7.3,7.0,6.84
OTT01113,Action,Malayalam,76,2023,13.0,6.9,9.26
OTT01114,Romance,English,71,2023,20.7,6.9,5.43
OTT01115,Drama,Malayalam,85,2022,9.4,6.6,3.94
OTT01116,Drama,Malayalam,63,2022,4.4,7.4,3.96
OTT01117,Thriller,Telugu,61,2022,24.1,6.7,11.08
OTT01118,Crime,Hindi,68,2019,18.5,7.1,6.31
OTT01119,Sci-Fi,English,53,2021,4.7,7.3,5.96
OTT01120,Action,Hindi,65,2026,13.5,7.3,8.05
OTT01121,Drama,Korean,63,2024,18.9,8.7,12.06
OTT01122,Action,English,58,2024,26.6,7.0,13.9
OTT01123,Drama,English,40,2026,12.2,8.4,9.93
OTT01124,Action,English,28,2022,22.4,8.4,11.64
OTT01125,Drama,English,47,2022,10.2,7.2,9.73
OTT01126,Crime,English,54,2024,12.9,6.8,8.76
OTT01127,Comedy,Tamil,42,2019,5.1,6.9,5.77
OTT01128,Action,English,53,2021,27.3,8.4,6.89
OTT01129,Documentary,English,71,2020,11.5,8.0,13.28
OTT01130,Action,Tamil,47,2019,13.6,6.7,4.85
OTT01131,Romance,Hindi,55,2026,16.9,7.8,10.21
OTT01132,Romance,Telugu,30,2025,6.8,9.8,6.41
OTT01133,Documentary,Spanish,73,2021,21.7,6.8,7.28
OTT01134,Action,Malayalam,42,2026,31.3,6.8,11.17
OTT01135,Sci-Fi,Tamil,42,2021,23.8,6.6,8.23
OTT01136,Romance,Tamil,54,2021,14.4,7.5,13.21
OTT01137,Comedy,English,59,2024,10.3,7.0,7.73
OTT01138,Drama,Tamil,64,2025,41.5,7.1,22.43
OTT01139,Documentary,English,91,2020,11.2,6.6,4.23
OTT01140,Crime,English,59,2025,22.4,6.5,8.07
OTT01141,Drama,Telugu,62,2019,12.7,7.0,3.37
OTT01142,Drama,English,45,2021,9.8,6.5,9.0
OTT01143,Drama,Tamil,102,2018,12.3,9.0,13.74
OTT01144,Romance,Hindi,56,2023,23.3,8.4,11.15
OTT01145,Action,English,69,2025,32.2,7.8,18.2
OTT01146,Comedy,English,52,2019,12.3,5.9,4.11
OTT01147,Action,English,32,2020,15.8,7.1,7.87
OTT01148,Action,English,38,2024,29.7,6.0,7.07
OTT01149,Drama,English,56,2023,19.9,6.2,6.33
OTT01150,Documentary,Telugu,41,2026,17.1,5.9,2.92
OTT01151,Action,English,73,2024,10.0,7.4,15.29
OTT01152,Thriller,Tamil,60,2021,26.2,6.6,7.15
OTT01153,Crime,Korean,75,2020,45.3,7.2,13.57
OTT01154,Documentary,Korean,63,2020,19.3,7.2,5.22
OTT01155,Comedy,Spanish,88,2025,23.9,6.2,10.87
OTT01156,Thriller,Tamil,61,2025,16.4,7.3,18.33
OTT01157,Action,Korean,35,2020,18.3,7.4,12.23
OTT01158,Documentary,Hindi,39,2019,15.7,5.6,4.91
OTT01159,Thriller,Hindi,64,2024,16.4,6.6,13.11
OTT01160,Thriller,English,28,2026,6.9,8.4,10.6
OTT01161,Comedy,Korean,54,2018,21.3,7.2,11.88
OTT01162,Thriller,Hindi,62,2026,9.0,7.9,10.47
OTT01163,Comedy,Spanish,42,2023,27.5,6.7,7.11
OTT01164,Drama,English,87,2024,10.3,7.0,9.85
OTT01165,Action,Malayalam,39,2026,14.1,6.7,12.01
OTT01166,Thriller,Hindi,79,2019,21.1,6.2,5.62
OTT01167,Thriller,Spanish,42,2023,25.8,8.9,11.81
OTT01168,Action,Telugu,77,2024,16.2,8.6,15.3
OTT01169,Comedy,Korean,48,2021,23.7,7.7,8.42
OTT01170,Crime,Korean,82,2025,13.4,6.3,7.58
OTT01171,Crime,Spanish,24,2026,53.7,7.8,18.91
OTT01172,Crime,Telugu,55,2020,12.7,8.3,8.95
OTT01173,Thriller,English,43,2018,32.1,7.8,8.39
OTT01174,Thriller,Malayalam,27,2024,20.0,7.3,8.01
OTT01175,Comedy,English,78,2024,12.6,8.2,17.54
OTT01176,Comedy,Korean,40,2023,23.9,7.3,9.79
OTT01177,Comedy,Korean,38,2020,14.1,7.1,8.15
OTT01178,Action,Hindi,45,2023,69.2,6.8,20.08
OTT01179,Romance,Spanish,43,2021,38.6,8.4,16.52
OTT01180,Thriller,English,63,2025,33.7,7.7,10.44
OTT01181,Action,Korean,47,2018,20.3,7.2,9.52
OTT01182,Drama,Hindi,27,2024,14.2,8.9,16.0
OTT01183,Drama,English,51,2019,9.1,6.5,7.19
OTT01184,Thriller,English,64,2022,14.3,8.3,8.49
OTT01185,Drama,English,65,2023,48.3,7.8,16.77
OTT01186,Action,Telugu,22,2023,25.7,6.5,7.18
OTT01187,Thriller,Hindi,58,2026,23.7,6.3,7.35
OTT01188,Action,Tamil,33,2020,10.8,7.0,6.24
OTT01189,Comedy,Telugu,46,2019,41.8,7.7,9.93
OTT01190,Crime,Hindi,35,2025,31.9,8.9,18.83
OTT01191,Drama,Malayalam,67,2025,14.9,7.3,6.15
OTT01192,Romance,English,60,2023,32.6,7.1,21.98
OTT01193,Drama,Hindi,74,2024,6.6,7.9,8.4
OTT01194,Drama,English,61,2020,33.1,7.5,26.16
OTT01195,Romance,Telugu,31,2021,7.7,7.2,4.81
OTT01196,Sci-Fi,English,48,2025,17.7,7.0,6.47
OTT01197,Drama,Hindi,20,2022,10.1,6.8,9.59
OTT01198,Romance,Telugu,40,2026,16.8,7.9,9.76
OTT01199,Comedy,Tamil,57,2020,27.1,7.6,6.88
OTT01200,Thriller,English,38,2022,8.6,5.8,11.17
OTT01201,Comedy,Telugu,41,2025,22.2,8.7,10.74
OTT01202,Romance,Telugu,33,2026,13.6,9.3,9.61
OTT01203,Thriller,Telugu,48,2026,21.2,6.9,7.28
OTT01204,Comedy,Hindi,57,2025,25.8,5.7,5.26
OTT01205,Drama,Tamil,44,2023,13.1,8.2,10.98
OTT01206,Action,Telugu,57,2025,17.1,6.5,6.74
OTT01207,Thriller,English,20,2019,12.6,6.4,3.48
OTT01208,Romance,English,39,2018,46.3,8.0,17.66
OTT01209,Romance,Korean,65,2024,16.6,8.3,18.16
OTT01210,Drama,Telugu,77,2025,34.1,7.0,6.89
OTT01211,Crime,Telugu,67,2019,27.7,7.0,9.03
OTT01212,Romance,English,29,2019,21.5,5.9,7.35
OTT01213,Drama,Hindi,54,2019,29.6,8.1,11.19
OTT01214,Drama,English,62,2022,13.6,6.2,7.99
OTT01215,Thriller,English,56,2023,11.7,7.1,10.08
OTT01216,Romance,Hindi,34,2018,18.9,7.7,15.01
OTT01217,Crime,Hindi,49,2019,69.1,6.1,15.4
OTT01218,Romance,Tamil,68,2023,29.5,5.8,10.14
OTT01219,Crime,Korean,35,2026,32.2,5.8,14.22
OTT01220,Romance,Korean,34,2018,12.1,5.0,1.59
OTT01221,Drama,English,58,2023,46.3,8.7,13.55
OTT01222,Comedy,Spanish,71,2023,13.9,9.1,13.58
OTT01223,Action,Telugu,49,2023,6.5,5.9,6.78
OTT01224,Crime,Malayalam,64,2021,37.8,7.7,9.26
OTT01225,Drama,Hindi,54,2024,13.2,5.9,4.03
OTT01226,Romance,English,40,2024,18.7,6.9,16.12
OTT01227,Thriller,Spanish,38,2021,4.3,6.9,5.4
OTT01228,Thriller,English,28,2018,8.6,5.9,3.49
OTT01229,Thriller,Spanish,58,2025,48.4,5.3,6.97
OTT01230,Action,English,59,2023,22.5,7.8,14.63
OTT01231,Crime,Telugu,22,2021,16.4,6.2,6.05
OTT01232,Sci-Fi,English,55,2022,24.0,7.5,10.87
OTT01233,Sci-Fi,Hindi,65,2022,31.5,6.0,11.43
OTT01234,Sci-Fi,English,41,2018,7.4,7.0,7.24
OTT01235,Drama,Hindi,51,2019,15.8,9.8,11.74
OTT01236,Action,English,53,2024,11.1,7.4,17.47
OTT01237,Thriller,Hindi,81,2021,29.8,5.5,8.66
OTT01238,Romance,Tamil,67,2021,19.8,6.7,8.69
OTT01239,Drama,Malayalam,93,2025,12.4,7.4,10.54
OTT01240,Crime,English,50,2019,25.1,6.5,7.79
OTT01241,Thriller,English,60,2022,20.0,8.3,13.5
OTT01242,Comedy,English,57,2026,5.7,8.2,6.97
OTT01243,Drama,Hindi,76,2019,19.3,7.2,11.04
OTT01244,Sci-Fi,English,73,2023,13.5,6.6,9.51
OTT01245,Action,English,58,2025,13.2,6.1,10.16
OTT01246,Romance,English,64,2023,14.4,7.5,12.1
OTT01247,Crime,Hindi,63,2021,73.4,6.8,11.19
OTT01248,Romance,English,61,2020,35.7,6.6,10.22
OTT01249,Comedy,English,31,2022,14.5,8.3,14.02
OTT01250,Action,English,58,2026,13.2,7.8,18.04
OTT01251,Drama,Spanish,65,2018,34.9,7.3,12.53
OTT01252,Sci-Fi,Korean,43,2021,14.0,6.5,5.76
OTT01253,Action,Spanish,58,2021,62.7,7.0,19.47
OTT01254,Romance,Tamil,42,2024,32.2,5.9,12.43
OTT01255,Action,Hindi,47,2023,15.3,5.3,7.31
OTT01256,Sci-Fi,Hindi,59,2024,53.0,8.4,9.62
OTT01257,Crime,Hindi,66,2020,15.5,7.2,12.85
OTT01258,Comedy,English,61,2018,13.0,6.9,3.56
OTT01259,Crime,English,57,2022,16.1,7.9,14.04
OTT01260,Thriller,Korean,75,2025,25.1,6.0,14.87
OTT01261,Action,Hindi,38,2022,10.2,6.8,5.7
OTT01262,Documentary,Hindi,35,2024,38.9,8.7,15.77
OTT01263,Drama,Hindi,80,2019,7.2,7.9,10.24
OTT01264,Action,Hindi,50,2026,12.2,7.1,9.6
OTT01265,Romance,Tamil,44,2026,18.7,7.5,9.24
OTT01266,Comedy,Korean,61,2020,46.9,7.3,16.49
OTT01267,Drama,Korean,77,2022,27.7,8.1,19.24
OTT01268,Romance,Telugu,52,2023,14.5,6.4,5.79
OTT01269,Comedy,English,37,2023,14.4,8.0,11.4
OTT01270,Thriller,Korean,35,2025,20.7,6.6,6.01
OTT01271,Drama,English,63,2019,14.6,7.7,7.11
OTT01272,Thriller,Tamil,50,2024,14.7,7.4,11.2
OTT01273,Action,English,66,2024,9.2,6.9,10.01
OTT01274,Action,English,77,2023,18.0,5.7,9.06
OTT01275,Sci-Fi,Telugu,59,2019,45.4,7.0,12.79
OTT01276,Thriller,Spanish,22,2018,52.0,7.3,15.28
OTT01277,Thriller,Tamil,70,2020,23.5,7.5,11.04
OTT01278,Thriller,English,62,2021,24.1,7.5,18.34
OTT01279,Comedy,English,25,2021,14.4,6.6,6.91
OTT01280,Drama,Telugu,20,2020,15.2,6.4,3.84
OTT01281,Thriller,Telugu,50,2026,8.2,7.2,6.68
OTT01282,Romance,Malayalam,67,2023,14.3,7.9,6.83
OTT01283,Crime,Tamil,67,2021,16.0,8.1,9.11
OTT01284,Action,Korean,27,2018,24.1,7.7,21.78
OTT01285,Thriller,English,48,2026,16.2,7.1,11.3
OTT01286,Thriller,English,71,2026,17.4,7.4,10.47
OTT01287,Drama,Hindi,48,2024,11.6,6.7,11.48
OTT01288,Crime,Tamil,33,2019,15.0,7.4,4.83
OTT01289,Thriller,English,56,2021,17.1,7.9,11.02
OTT01290,Action,Malayalam,20,2023,21.3,8.3,5.9
OTT01291,Action,English,20,2022,21.7,8.6,29.83
OTT01292,Thriller,Hindi,54,2023,23.4,6.9,8.17
OTT01293,Crime,Tamil,40,2021,8.3,7.4,6.96
OTT01294,Comedy,English,83,2022,9.7,7.1,9.82
OTT01295,Crime,Tamil,58,2023,39.5,8.4,19.52
OTT01296,Drama,English,73,2018,19.3,8.7,24.98
OTT01297,Romance,English,63,2024,19.2,7.1,9.31
OTT01298,Drama,Malayalam,56,2026,29.7,5.5,7.04
OTT01299,Comedy,Tamil,65,2023,25.8,6.7,5.88
OTT01300,Comedy,English,61,2023,7.7,7.4,7.12
OTT01301,Sci-Fi,Hindi,35,2021,6.4,8.0,8.51
OTT01302,Action,Spanish,76,2022,35.1,6.5,20.42
OTT01303,Comedy,Hindi,44,2025,12.6,6.8,8.29
OTT01304,Drama,English,63,2020,4.3,6.1,4.64
OTT01305,Thriller,Malayalam,37,2024,32.5,8.0,15.79
OTT01306,Thriller,Hindi,57,2023,28.9,9.5,28.84
OTT01307,Action,English,55,2023,62.8,6.9,24.99
OTT01308,Comedy,Tamil,37,2018,10.0,8.9,8.48
OTT01309,Sci-Fi,Tamil,49,2024,19.5,7.3,12.39
OTT01310,Thriller,Hindi,50,2021,6.6,8.6,11.52
OTT01311,Sci-Fi,English,44,2025,16.9,7.1,8.64
OTT01312,Drama,Hindi,73,2026,13.7,8.8,15.54
OTT01313,Thriller,English,46,2024,44.2,6.7,12.86
OTT01314,Comedy,Hindi,45,2020,15.5,9.4,9.65
OTT01315,Action,English,55,2024,13.3,8.3,11.94
OTT01316,Action,Tamil,48,2025,32.4,6.8,10.2
OTT01317,Comedy,Korean,46,2025,25.0,7.7,8.68
OTT01318,Comedy,Tamil,36,2023,15.1,6.3,8.3
OTT01319,Crime,Hindi,75,2019,21.5,6.2,8.78
OTT01320,Drama,English,45,2020,39.6,8.0,9.7
OTT01321,Romance,Hindi,61,2026,14.2,7.8,13.61
OTT01322,Action,English,71,2019,16.8,7.4,7.34
OTT01323,Romance,Korean,58,2023,10.2,7.1,11.29
OTT01324,Drama,Tamil,54,2021,23.7,7.9,10.91
OTT01325,Drama,English,54,2024,19.7,6.9,19.14
OTT01326,Drama,English,25,2025,10.8,7.6,11.9
OTT01327,Thriller,Tamil,27,2023,10.9,6.8,6.69
OTT01328,Crime,English,28,2024,12.7,6.3,5.74
OTT01329,Comedy,Telugu,60,2022,27.0,7.1,8.09
OTT01330,Action,English,87,2020,19.1,5.6,6.03
OTT01331,Drama,Hindi,52,2023,14.7,8.1,9.66
OTT01332,Thriller,Malayalam,47,2020,13.8,6.5,3.88
OTT01333,Thriller,Malayalam,45,2020,13.2,8.3,5.15
OTT01334,Thriller,Tamil,53,2018,38.5,6.7,8.18
OTT01335,Romance,Korean,48,2021,16.6,6.8,5.11
OTT01336,Comedy,English,64,2025,14.1,7.6,17.55
OTT01337,Drama,Spanish,37,2018,18.8,6.8,6.63
OTT01338,Thriller,Telugu,30,2021,36.5,8.5,17.18
OTT01339,Crime,English,58,2026,21.4,8.4,18.0
OTT01340,Action,Tamil,85,2020,9.3,7.6,13.52
OTT01341,Documentary,Hindi,47,2025,24.1,7.0,6.76
OTT01342,Comedy,Telugu,37,2026,15.7,7.4,9.76
OTT01343,Action,Malayalam,58,2026,24.2,8.2,20.7
OTT01344,Drama,Korean,51,2019,31.5,6.7,11.0
OTT01345,Crime,Korean,34,2023,50.3,8.2,20.53
OTT01346,Thriller,Telugu,48,2022,24.9,7.7,9.58
OTT01347,Crime,English,79,2024,26.7,7.6,19.66
OTT01348,Romance,Tamil,49,2024,25.3,7.2,10.63
OTT01349,Crime,Telugu,52,2019,11.4,6.4,5.92
OTT01350,Thriller,Telugu,48,2019,30.5,8.2,11.26
OTT01351,Romance,Spanish,51,2019,13.6,8.4,9.35
OTT01352,Drama,Korean,60,2020,70.4,6.6,14.58
OTT01353,Drama,Hindi,95,2021,39.0,4.2,8.98
OTT01354,Comedy,Hindi,74,2020,22.7,7.3,9.34
OTT01355,Drama,English,74,2018,9.3,7.3,8.68
OTT01356,Crime,Telugu,57,2025,24.0,6.8,5.85
OTT01357,Thriller,Hindi,43,2026,10.2,6.6,5.15
OTT01358,Action,English,44,2023,17.0,7.5,15.34
OTT01359,Drama,Korean,74,2025,8.0,8.1,9.03
OTT01360,Romance,English,41,2020,7.0,5.7,1.42
OTT01361,Thriller,Malayalam,34,2024,39.5,9.4,9.95
OTT01362,Thriller,Spanish,71,2018,7.8,7.8,6.31
OTT01363,Comedy,English,65,2022,26.1,8.5,9.13
OTT01364,Sci-Fi,Telugu,43,2026,8.6,7.5,9.56
OTT01365,Thriller,Spanish,66,2026,23.6,7.8,11.29
OTT01366,Drama,Hindi,47,2020,12.2,7.8,7.29
OTT01367,Drama,English,46,2025,10.8,7.0,9.55
OTT01368,Comedy,English,52,2022,11.4,8.0,12.09
OTT01369,Drama,English,51,2026,34.0,8.4,17.44
OTT01370,Comedy,Spanish,48,2021,13.1,7.5,7.43
OTT01371,Thriller,English,67,2021,11.1,6.8,6.96
OTT01372,Comedy,English,53,2023,9.9,8.5,12.15
OTT01373,Drama,Hindi,34,2023,13.3,7.0,5.35
OTT01374,Romance,Hindi,63,2026,5.9,8.4,12.99
OTT01375,Drama,Malayalam,46,2018,21.2,6.4,8.98
OTT01376,Comedy,English,26,2023,15.7,7.7,6.38
OTT01377,Thriller,English,35,2023,32.7,6.7,7.41
OTT01378,Action,Korean,56,2025,10.3,8.3,23.82
OTT01379,Sci-Fi,Telugu,67,2025,10.3,6.7,12.23
OTT01380,Comedy,English,26,2019,26.5,6.7,5.51
OTT01381,Drama,English,81,2021,5.8,7.8,12.47
OTT01382,Sci-Fi,Hindi,41,2024,26.4,8.3,12.71
OTT01383,Thriller,Hindi,48,2025,11.5,7.2,6.13
OTT01384,Comedy,English,94,2019,16.8,8.4,9.93
OTT01385,Action,English,60,2024,17.4,6.8,5.37
OTT01386,Action,Tamil,66,2025,30.3,9.0,10.21
OTT01387,Documentary,Hindi,85,2025,62.8,7.6,11.48
OTT01388,Thriller,Korean,52,2024,9.9,7.4,15.68
OTT01389,Action,Malayalam,55,2020,12.4,6.7,7.96
OTT01390,Drama,English,27,2021,80.6,6.8,23.03
OTT01391,Drama,English,30,2023,35.5,8.4,16.84
OTT01392,Action,Hindi,62,2026,11.0,6.4,8.96
OTT01393,Sci-Fi,Tamil,36,2023,32.0,8.7,15.26
OTT01394,Crime,Telugu,59,2021,19.1,6.9,10.67
OTT01395,Sci-Fi,Korean,43,2025,25.6,7.0,24.53
OTT01396,Thriller,English,48,2024,21.7,7.6,15.99
OTT01397,Romance,Hindi,37,2022,27.5,7.9,10.16
OTT01398,Action,Tamil,69,2024,22.3,7.0,15.05
OTT01399,Drama,Telugu,73,2026,24.4,8.5,8.66
OTT01400,Comedy,Tamil,67,2019,5.1,7.9,6.73
OTT01401,Romance,Spanish,88,2026,14.3,7.4,8.44
OTT01402,Drama,Spanish,33,2026,14.2,8.5,9.16
OTT01403,Action,Spanish,73,2021,12.7,6.2,7.17
OTT01404,Thriller,Telugu,57,2020,11.6,6.1,6.57
OTT01405,Drama,English,43,2024,22.5,6.9,14.3
OTT01406,Drama,Hindi,49,2023,47.7,8.0,31.53
OTT01407,Drama,English,47,2026,54.5,6.2,19.99
OTT01408,Comedy,Korean,45,2022,5.3,8.9,16.25
OTT01409,Crime,Tamil,61,2020,8.5,6.3,3.68
OTT01410,Drama,Telugu,72,2018,27.6,6.1,7.96
OTT01411,Action,Hindi,40,2021,35.0,8.1,33.25
OTT01412,Drama,Tamil,50,2021,38.9,6.0,10.2
OTT01413,Romance,English,74,2024,7.9,6.1,6.73
OTT01414,Romance,Telugu,55,2022,35.5,6.9,9.78
OTT01415,Romance,Tamil,28,2020,25.3,6.7,9.84
OTT01416,Drama,Tamil,65,2025,14.0,7.6,9.6
OTT01417,Action,Spanish,52,2018,9.0,6.6,6.37
OTT01418,Thriller,Hindi,58,2021,12.0,6.1,7.12
OTT01419,Thriller,English,54,2018,20.5,8.9,11.85
OTT01420,Sci-Fi,English,40,2019,39.4,7.8,15.32
OTT01421,Drama,Spanish,55,2022,12.7,4.6,4.08
OTT01422,Drama,Hindi,46,2024,33.6,6.9,17.5
OTT01423,Crime,Korean,60,2022,14.9,6.5,9.09
OTT01424,Documentary,Tamil,79,2022,21.5,7.9,6.49
OTT01425,Crime,English,25,2020,17.2,9.2,12.86
OTT01426,Crime,Hindi,36,2018,30.2,6.9,9.81
OTT01427,Comedy,Korean,56,2024,7.0,7.9,9.82
OTT01428,Thriller,Tamil,80,2024,28.4,7.2,16.78
OTT01429,Drama,Tamil,61,2018,12.1,7.9,7.88
OTT01430,Drama,Hindi,52,2025,17.1,7.0,12.63
OTT01431,Thriller,Hindi,78,2025,28.0,8.2,20.51
OTT01432,Drama,English,31,2021,22.1,7.4,8.79
OTT01433,Comedy,Hindi,43,2025,24.1,6.4,13.47
OTT01434,Drama,Spanish,52,2024,29.6,7.4,12.77
OTT01435,Thriller,Hindi,72,2025,18.6,7.8,11.1
OTT01436,Drama,English,45,2019,20.9,8.0,11.21
OTT01437,Crime,Telugu,54,2023,22.5,7.7,7.87
OTT01438,Thriller,English,60,2018,9.9,7.1,4.97
OTT01439,Romance,Hindi,47,2020,20.8,6.4,10.07
OTT01440,Crime,Korean,43,2021,48.9,6.9,10.69
OTT01441,Drama,Telugu,45,2024,11.0,5.7,7.28
OTT01442,Sci-Fi,Tamil,47,2019,18.6,7.2,9.74
OTT01443,Crime,Tamil,47,2023,21.6,6.0,8.12
OTT01444,Sci-Fi,Hindi,47,2018,24.0,7.4,10.17
OTT01445,Drama,Hindi,21,2020,28.9,7.5,12.77
OTT01446,Action,Hindi,32,2019,21.7,8.5,11.9
OTT01447,Crime,Hindi,44,2018,7.5,5.1,3.79
OTT01448,Documentary,English,54,2024,21.6,7.8,6.56
OTT01449,Romance,English,51,2019,7.7,7.4,5.34
OTT01450,Sci-Fi,Telugu,57,2025,10.3,6.7,9.25
OTT01451,Comedy,English,70,2018,29.5,7.5,10.41
OTT01452,Thriller,English,61,2022,14.6,6.5,6.12
OTT01453,Drama,Telugu,56,2023,22.8,8.1,9.28
OTT01454,Thriller,Tamil,69,2024,35.4,6.7,10.89
OTT01455,Drama,Telugu,29,2026,31.9,7.1,15.46
OTT01456,Action,English,40,2019,25.6,6.4,6.24
OTT01457,Crime,Telugu,42,2018,14.1,6.6,5.81
OTT01458,Action,English,65,2024,10.9,9.8,15.58
OTT01459,Action,Tamil,62,2023,39.8,5.2,9.24
OTT01460,Drama,Tamil,44,2019,13.8,7.2,6.89
OTT01461,Romance,Malayalam,72,2019,17.2,6.2,11.0
OTT01462,Crime,English,64,2018,30.3,7.5,8.37
OTT01463,Comedy,Tamil,27,2021,9.5,9.1,5.3
OTT01464,Drama,Hindi,60,2026,8.2,8.1,9.44
OTT01465,Romance,English,50,2019,17.1,6.3,3.65
OTT01466,Romance,Tamil,42,2023,17.5,7.1,6.37
OTT01467,Action,Tamil,85,2018,15.2,7.9,7.82
OTT01468,Action,English,47,2022,20.8,8.6,18.67
OTT01469,Thriller,Tamil,49,2020,19.0,9.0,13.1
OTT01470,Crime,Malayalam,42,2020,16.2,7.9,3.72
OTT01471,Romance,Telugu,49,2018,8.0,7.7,3.37
OTT01472,Crime,English,58,2019,30.2,6.9,14.03
OTT01473,Drama,Tamil,56,2018,17.2,9.3,16.69
OTT01474,Drama,Hindi,66,2023,24.8,7.0,14.97
OTT01475,Drama,Tamil,40,2022,13.0,9.2,16.29
OTT01476,Drama,Hindi,30,2026,15.5,7.4,9.1
OTT01477,Sci-Fi,Malayalam,78,2018,21.3,7.3,7.9
OTT01478,Action,English,34,2025,16.5,6.5,10.24
OTT01479,Comedy,Hindi,26,2020,38.7,7.0,10.63
OTT01480,Drama,Spanish,48,2018,47.2,7.6,11.79
OTT01481,Crime,Hindi,47,2019,18.7,7.9,11.43
OTT01482,Crime,Telugu,76,2025,43.7,7.5,9.76
OTT01483,Sci-Fi,Tamil,44,2023,13.9,6.4,8.46
OTT01484,Comedy,English,61,2018,19.7,7.0,13.75
OTT01485,Crime,Telugu,47,2025,18.7,6.4,12.68
OTT01486,Action,Malayalam,38,2022,14.1,7.7,12.42
OTT01487,Sci-Fi,Tamil,20,2024,16.5,6.7,4.73
OTT01488,Crime,English,51,2023,5.1,7.8,7.43
OTT01489,Crime,Telugu,43,2026,28.3,7.8,19.15
OTT01490,Sci-Fi,Tamil,53,2018,15.9,7.1,5.82
OTT01491,Thriller,English,34,2019,27.4,6.2,6.79
OTT01492,Comedy,Telugu,58,2023,12.5,5.7,4.22
OTT01493,Comedy,English,67,2021,5.3,7.1,5.92
OTT01494,Romance,Spanish,53,2022,23.4,6.4,8.86
OTT01495,Sci-Fi,English,55,2024,22.4,6.4,6.88
OTT01496,Drama,Hindi,40,2021,13.4,7.5,10.56
OTT01497,Romance,Hindi,50,2020,17.7,7.8,5.64
OTT01498,Romance,Hindi,51,2023,9.7,6.5,7.2
OTT01499,Thriller,Tamil,61,2018,8.9,7.7,10.13
OTT01500,Thriller,Hindi,44,2020,26.2,7.6,9.48
OTT01501,Thriller,Tamil,43,2024,12.4,7.7,14.03
OTT01502,Comedy,Hindi,73,2024,25.8,8.0,20.98
OTT01503,Crime,Hindi,40,2023,15.5,7.8,7.57
OTT01504,Drama,Korean,31,2024,16.7,7.0,10.28
OTT01505,Romance,Hindi,60,2022,7.6,9.1,8.72
OTT01506,Crime,Spanish,33,2019,4.0,8.1,3.98
OTT01507,Drama,English,53,2019,18.2,7.8,8.76
OTT01508,Drama,Telugu,37,2022,22.3,7.2,8.22
OTT01509,Romance,Korean,57,2020,13.4,5.8,4.91
OTT01510,Drama,Hindi,47,2018,36.9,7.3,9.88
OTT01511,Romance,Telugu,38,2023,10.6,7.0,13.49
OTT01512,Action,Telugu,25,2022,20.6,6.7,11.4
OTT01513,Drama,Malayalam,26,2026,9.8,7.7,8.48
OTT01514,Action,English,63,2018,4.0,7.7,8.45
OTT01515,Drama,Tamil,43,2018,12.1,6.0,3.75
OTT01516,Romance,Tamil,62,2023,8.5,6.8,5.62
OTT01517,Crime,Tamil,67,2024,19.8,7.3,12.16
OTT01518,Thriller,English,38,2025,7.0,5.9,12.42
OTT01519,Documentary,English,86,2026,32.6,7.7,14.28
OTT01520,Thriller,Malayalam,75,2021,12.9,6.3,5.11
OTT01521,Romance,Telugu,47,2021,12.3,7.0,10.4
OTT01522,Crime,Hindi,29,2021,17.9,8.0,7.1
OTT01523,Documentary,Hindi,38,2024,19.4,6.8,10.37
OTT01524,Action,Hindi,48,2018,20.1,7.8,16.72
OTT01525,Drama,Telugu,38,2019,24.9,7.1,9.32
OTT01526,Comedy,English,50,2024,5.6,6.5,5.08
OTT01527,Drama,English,54,2018,38.5,7.3,8.98
OTT01528,Action,Tamil,48,2023,23.6,7.2,16.55
OTT01529,Drama,English,60,2021,11.2,8.9,12.11
OTT01530,Drama,English,50,2020,35.2,8.9,13.04
OTT01531,Crime,Tamil,27,2023,38.7,7.9,20.14
OTT01532,Sci-Fi,Hindi,68,2025,16.2,8.2,14.43
OTT01533,Action,English,51,2019,42.2,6.8,19.31
OTT01534,Drama,English,33,2020,19.9,7.7,13.34
OTT01535,Thriller,English,59,2019,24.1,6.3,8.59
OTT01536,Drama,Telugu,53,2024,10.1,8.4,11.75
OTT01537,Action,Tamil,67,2019,19.2,6.2,10.49
OTT01538,Thriller,Tamil,45,2022,21.9,7.8,12.12
OTT01539,Romance,English,46,2020,23.9,6.9,19.38
OTT01540,Drama,Hindi,33,2019,43.1,6.1,16.01
OTT01541,Thriller,Spanish,80,2022,6.8,7.2,7.72
OTT01542,Crime,English,58,2021,8.5,7.1,8.73
OTT01543,Crime,English,45,2018,26.5,7.7,8.83
OTT01544,Action,Telugu,51,2018,21.9,7.0,9.04
OTT01545,Thriller,English,49,2018,19.1,8.0,17.83
OTT01546,Action,Korean,38,2019,12.0,6.9,12.46
OTT01547,Action,English,30,2019,17.2,7.4,7.79
OTT01548,Romance,English,37,2025,32.9,7.4,21.69
OTT01549,Action,Hindi,80,2025,19.0,7.8,12.21
OTT01550,Drama,Tamil,33,2019,55.3,6.4,8.31
OTT01551,Crime,Tamil,78,2024,16.5,6.9,7.29
OTT01552,Action,Spanish,86,2021,25.4,5.8,9.63
OTT01553,Comedy,Tamil,47,2022,9.3,5.9,5.95
OTT01554,Drama,Telugu,28,2024,13.1,6.3,6.13
OTT01555,Comedy,Hindi,59,2025,44.0,7.5,10.81
OTT01556,Romance,Tamil,28,2019,11.6,8.4,12.31
OTT01557,Drama,Korean,54,2020,48.5,7.4,26.76
OTT01558,Drama,Hindi,38,2022,22.4,8.0,14.2
OTT01559,Crime,Hindi,23,2020,11.9,6.1,3.64
OTT01560,Action,Hindi,61,2024,16.5,8.5,12.97
OTT01561,Documentary,English,62,2026,10.6,7.9,6.37
OTT01562,Action,English,53,2023,21.3,7.1,6.13
OTT01563,Crime,English,58,2024,6.1,6.6,6.53
OTT01564,Thriller,Hindi,59,2025,24.9,6.8,13.9
OTT01565,Comedy,English,45,2019,11.3,5.3,3.9
OTT01566,Comedy,Korean,49,2026,43.9,6.5,11.9
OTT01567,Comedy,English,49,2026,12.5,7.0,7.6
OTT01568,Drama,English,65,2021,12.1,7.6,12.47
OTT01569,Thriller,English,66,2020,20.6,6.4,8.0
OTT01570,Sci-Fi,English,58,2023,20.2,7.1,11.05
OTT01571,Comedy,Hindi,84,2022,49.1,6.6,14.48
OTT01572,Thriller,English,84,2023,25.8,6.5,9.07
OTT01573,Comedy,Tamil,44,2023,7.3,5.8,5.3
OTT01574,Romance,Hindi,60,2018,9.2,6.2,6.26
OTT01575,Comedy,Malayalam,45,2023,19.1,5.7,8.95
OTT01576,Drama,Tamil,53,2022,21.4,8.4,9.26
OTT01577,Romance,Tamil,27,2022,5.2,8.4,11.6
OTT01578,Drama,English,85,2018,43.6,6.1,6.59
OTT01579,Sci-Fi,Tamil,22,2020,17.8,7.7,7.74
OTT01580,Documentary,Hindi,109,2018,22.7,5.7,4.78
OTT01581,Thriller,English,23,2021,11.5,5.8,5.05
OTT01582,Action,English,39,2025,7.5,7.9,11.25
OTT01583,Comedy,Hindi,43,2023,50.3,8.1,16.11
OTT01584,Action,Hindi,66,2019,31.3,5.6,18.83
OTT01585,Romance,Telugu,57,2019,7.4,7.8,5.49
OTT01586,Thriller,Telugu,64,2023,12.3,6.7,8.5
OTT01587,Drama,English,60,2022,14.0,8.8,11.74
OTT01588,Thriller,Malayalam,78,2019,13.1,7.3,5.24
OTT01589,Crime,Korean,25,2026,9.0,7.8,8.9
OTT01590,Sci-Fi,Telugu,68,2021,14.9,7.8,14.24
OTT01591,Drama,Tamil,45,2019,10.7,8.0,11.43
OTT01592,Drama,English,94,2020,15.5,6.4,6.44
OTT01593,Romance,Tamil,69,2018,26.2,7.7,11.52
OTT01594,Crime,English,23,2021,7.4,8.2,12.97
OTT01595,Comedy,Tamil,73,2026,12.8,5.6,5.05
OTT01596,Sci-Fi,Hindi,65,2022,22.1,5.5,8.76
OTT01597,Action,Telugu,37,2020,41.3,7.6,12.85
OTT01598,Sci-Fi,Tamil,51,2026,8.1,8.3,11.9
OTT01599,Romance,Korean,52,2018,19.8,6.9,5.26
OTT01600,Drama,Korean,68,2022,21.5,6.0,8.93
OTT01601,Sci-Fi,Hindi,49,2019,12.7,5.6,4.71
OTT01602,Drama,English,44,2021,9.7,7.8,8.75
OTT01603,Crime,Hindi,39,2026,24.7,8.8,18.48
OTT01604,Drama,Malayalam,82,2024,11.2,6.7,9.15
OTT01605,Drama,Hindi,65,2025,10.8,7.0,12.95
OTT01606,Drama,English,60,2020,5.0,7.0,5.18
OTT01607,Action,Korean,47,2025,30.3,6.9,18.76
OTT01608,Thriller,Hindi,52,2023,24.7,9.1,13.65
OTT01609,Drama,English,71,2026,21.6,7.7,14.4
OTT01610,Sci-Fi,Korean,54,2018,12.8,7.8,10.29
OTT01611,Thriller,Hindi,30,2026,11.6,9.7,21.36
OTT01612,Drama,Spanish,54,2026,8.4,8.1,9.71
OTT01613,Drama,English,43,2018,24.8,5.3,3.6
OTT01614,Thriller,Spanish,47,2026,8.9,6.4,12.88
OTT01615,Thriller,Hindi,34,2024,7.6,6.9,8.98
OTT01616,Comedy,Tamil,80,2019,9.8,7.6,8.41
OTT01617,Romance,English,63,2025,53.9,7.5,19.5
OTT01618,Action,Telugu,37,2018,11.2,6.4,6.2
OTT01619,Crime,English,63,2018,28.7,7.2,17.46
OTT01620,Thriller,Hindi,69,2023,26.0,5.2,8.71
OTT01621,Thriller,Korean,57,2024,18.2,4.9,5.41
OTT01622,Action,English,75,2026,34.4,6.6,10.56
OTT01623,Comedy,English,45,2022,13.7,6.9,7.18
OTT01624,Comedy,Tamil,43,2026,6.1,7.6,7.93
OTT01625,Comedy,English,37,2018,8.1,6.5,3.66
OTT01626,Action,Telugu,47,2021,7.7,7.4,13.6
OTT01627,Action,English,92,2020,16.3,7.6,21.01
OTT01628,Comedy,English,64,2024,11.0,8.0,11.81
OTT01629,Comedy,Telugu,59,2020,17.5,7.3,7.39
OTT01630,Drama,Telugu,58,2022,12.2,7.9,11.36
OTT01631,Comedy,English,23,2025,17.8,9.0,12.35
OTT01632,Comedy,English,58,2022,47.0,6.4,22.72
OTT01633,Crime,English,59,2024,25.2,8.4,36.95
OTT01634,Drama,Tamil,50,2024,19.8,8.8,11.72
OTT01635,Documentary,Telugu,64,2026,16.6,6.2,4.35
OTT01636,Action,Hindi,35,2024,12.4,7.9,10.39
OTT01637,Comedy,Telugu,43,2024,7.9,7.6,4.79
OTT01638,Crime,Spanish,53,2018,12.5,7.3,9.3
OTT01639,Romance,Tamil,45,2020,8.9,5.4,4.91
OTT01640,Drama,English,58,2020,27.9,7.5,12.77
OTT01641,Drama,Telugu,43,2020,20.5,8.1,6.95
OTT01642,Drama,English,58,2025,8.7,4.1,6.28
OTT01643,Drama,Korean,96,2021,9.7,7.1,6.16
OTT01644,Drama,English,45,2022,41.2,6.8,21.78
OTT01645,Comedy,Korean,40,2021,32.9,8.0,15.69
OTT01646,Action,Telugu,64,2021,19.6,6.8,5.32
OTT01647,Sci-Fi,Tamil,27,2026,18.1,7.3,7.9
OTT01648,Action,Hindi,59,2024,35.9,8.6,12.34
OTT01649,Romance,Hindi,60,2025,13.2,7.2,12.53
OTT01650,Drama,Tamil,43,2018,13.1,8.5,8.5
OTT01651,Romance,Hindi,71,2019,27.1,7.3,7.31
OTT01652,Drama,English,65,2018,19.2,6.9,9.56
OTT01653,Drama,English,38,2018,14.2,6.7,5.19
OTT01654,Comedy,Hindi,42,2022,13.5,8.2,7.37
OTT01655,Action,Tamil,28,2020,13.2,8.0,13.64
OTT01656,Thriller,Hindi,67,2021,96.9,7.6,46.64
OTT01657,Sci-Fi,Tamil,30,2021,10.9,6.2,4.77
OTT01658,Comedy,Tamil,86,2026,18.6,8.1,12.03
OTT01659,Action,Telugu,75,2021,13.5,9.4,9.05
OTT01660,Comedy,Hindi,73,2026,12.4,8.6,14.47
OTT01661,Comedy,Spanish,47,2025,23.5,8.7,10.06
OTT01662,Thriller,Tamil,56,2025,7.6,7.7,8.7
OTT01663,Comedy,Korean,33,2019,62.4,6.2,15.64
OTT01664,Romance,English,44,2025,26.5,8.1,11.5
OTT01665,Crime,Tamil,26,2026,8.7,5.6,4.92
OTT01666,Documentary,Telugu,50,2021,37.9,7.0,9.38
OTT01667,Thriller,Telugu,71,2020,9.7,7.4,5.22
OTT01668,Drama,English,46,2019,19.3,6.7,8.2
OTT01669,Comedy,Tamil,33,2024,14.5,8.9,6.43
OTT01670,Drama,English,61,2022,6.1,8.1,6.62
OTT01671,Drama,Hindi,70,2024,19.5,7.1,15.74
OTT01672,Sci-Fi,Hindi,52,2018,4.8,6.6,8.84
OTT01673,Comedy,Tamil,50,2020,16.5,8.4,15.5
OTT01674,Crime,Tamil,43,2023,16.5,7.2,7.77
OTT01675,Action,English,81,2025,46.6,6.3,35.29
OTT01676,Comedy,Hindi,62,2026,70.1,7.5,18.17
OTT01677,Thriller,Telugu,70,2023,33.6,6.7,9.33
OTT01678,Romance,Telugu,74,2020,11.9,7.3,10.08
OTT01679,Thriller,Korean,45,2018,33.3,7.0,14.91
OTT01680,Thriller,Hindi,80,2025,18.9,6.9,6.63
OTT01681,Action,English,20,2021,16.4,6.7,11.58
OTT01682,Drama,Telugu,54,2023,6.2,6.6,4.57
OTT01683,Romance,Malayalam,73,2026,9.7,7.5,6.17
OTT01684,Thriller,Hindi,82,2019,23.2,7.5,8.61
OTT01685,Romance,Malayalam,43,2021,46.7,6.1,14.34
OTT01686,Drama,Spanish,42,2020,42.5,8.6,29.56
OTT01687,Romance,Telugu,70,2020,9.2,7.3,10.95
OTT01688,Action,English,66,2026,7.5,7.7,13.17
OTT01689,Drama,Tamil,43,2026,12.9,6.0,5.37
OTT01690,Comedy,Spanish,60,2025,9.0,8.9,12.92
OTT01691,Sci-Fi,Korean,55,2023,14.3,6.7,6.65
OTT01692,Crime,Tamil,44,2021,26.7,8.3,16.19
OTT01693,Sci-Fi,Hindi,53,2021,16.5,6.4,6.61
OTT01694,Comedy,English,52,2019,33.9,7.4,7.0
OTT01695,Action,Hindi,61,2023,4.4,7.2,6.75
OTT01696,Action,English,47,2026,97.2,8.8,56.51
OTT01697,Thriller,English,63,2022,65.7,7.7,16.89
OTT01698,Drama,Telugu,44,2021,17.2,8.1,8.69
OTT01699,Action,Spanish,51,2024,9.9,8.2,5.84
OTT01700,Crime,English,77,2019,53.8,6.2,15.34
OTT01701,Drama,Malayalam,42,2021,22.9,7.0,5.07
OTT01702,Drama,Spanish,27,2023,23.1,8.3,9.58
OTT01703,Drama,Malayalam,69,2021,34.1,7.1,6.65
OTT01704,Romance,Hindi,43,2020,20.9,7.9,15.42
OTT01705,Action,Hindi,30,2025,20.6,6.3,13.94
OTT01706,Action,Telugu,42,2023,17.5,6.8,11.2
OTT01707,Thriller,Korean,69,2026,12.2,6.3,8.59
OTT01708,Documentary,Telugu,53,2025,16.2,6.6,6.8
OTT01709,Comedy,Hindi,57,2021,40.4,6.8,13.11
OTT01710,Drama,Hindi,82,2025,28.7,8.2,17.97
OTT01711,Documentary,Hindi,46,2020,20.2,8.1,8.61
OTT01712,Documentary,Korean,20,2022,28.9,7.8,7.62
OTT01713,Romance,Hindi,59,2019,17.1,6.2,9.71
OTT01714,Action,Hindi,36,2018,15.2,8.2,15.15
OTT01715,Comedy,Malayalam,34,2018,18.5,7.3,6.1
OTT01716,Romance,Tamil,39,2021,9.4,7.2,6.63
OTT01717,Comedy,Korean,71,2024,53.2,7.9,21.74
OTT01718,Drama,English,52,2025,9.2,7.4,10.77
OTT01719,Drama,Tamil,63,2024,7.6,7.8,8.37
OTT01720,Crime,Tamil,50,2019,14.7,7.4,13.53
OTT01721,Drama,Korean,20,2025,17.1,6.9,10.45
OTT01722,Crime,Telugu,58,2020,10.5,7.0,7.84
OTT01723,Action,Malayalam,70,2021,21.6,6.7,7.81
OTT01724,Romance,Korean,66,2021,12.0,6.7,6.65
OTT01725,Drama,English,90,2026,22.8,8.0,16.78
OTT01726,Crime,Hindi,20,2018,36.6,7.6,21.35
OTT01727,Comedy,Spanish,21,2020,18.4,6.4,4.79
OTT01728,Sci-Fi,Telugu,41,2021,20.8,9.4,7.3
OTT01729,Thriller,Hindi,20,2026,13.8,7.0,13.45
OTT01730,Drama,Korean,70,2021,26.1,8.6,20.21
OTT01731,Romance,Tamil,37,2021,4.0,8.2,8.05
OTT01732,Action,English,42,2026,6.4,7.9,10.44
OTT01733,Sci-Fi,Spanish,75,2021,7.5,7.7,8.56
OTT01734,Romance,English,71,2026,17.9,9.8,10.26
OTT01735,Drama,English,48,2026,29.2,7.9,17.62
OTT01736,Drama,Malayalam,80,2020,17.9,6.1,5.99
OTT01737,Drama,English,43,2024,9.3,6.7,5.35
OTT01738,Action,English,50,2024,17.4,7.0,15.17
OTT01739,Sci-Fi,Hindi,68,2018,11.8,7.9,7.12
OTT01740,Sci-Fi,English,55,2020,29.2,5.9,8.18
OTT01741,Drama,Hindi,56,2026,14.8,8.1,13.82
OTT01742,Drama,Hindi,78,2025,17.4,6.8,8.7
OTT01743,Drama,English,91,2025,17.3,6.6,13.06
OTT01744,Crime,English,20,2020,18.3,6.7,7.76
OTT01745,Action,Hindi,83,2019,32.2,6.6,19.69
OTT01746,Comedy,Spanish,48,2025,8.5,8.0,15.71
OTT01747,Romance,English,32,2025,29.8,7.4,15.43
OTT01748,Comedy,Korean,40,2020,37.8,6.0,11.21
OTT01749,Romance,English,55,2019,23.5,6.1,4.21
OTT01750,Drama,English,49,2023,34.3,9.0,14.45
OTT01751,Action,Hindi,39,2020,39.4,7.5,15.92
OTT01752,Drama,Korean,43,2022,8.2,7.5,6.32
OTT01753,Comedy,Telugu,68,2018,4.0,6.5,3.34
OTT01754,Thriller,Hindi,49,2026,10.9,7.1,18.04
OTT01755,Documentary,Korean,56,2018,39.0,5.0,4.96
OTT01756,Drama,Hindi,25,2023,12.3,6.6,10.46
OTT01757,Drama,Spanish,82,2023,21.4,7.2,19.13
OTT01758,Action,Tamil,30,2022,41.8,7.9,26.26
OTT01759,Action,Hindi,89,2024,44.2,7.7,14.23
OTT01760,Thriller,Spanish,42,2018,52.8,7.6,15.78
OTT01761,Comedy,Tamil,50,2019,22.9,8.2,11.24
OTT01762,Thriller,English,46,2024,8.7,7.4,7.34
OTT01763,Thriller,English,36,2025,37.8,8.0,12.72
OTT01764,Action,Telugu,68,2022,16.9,9.4,12.65
OTT01765,Drama,Hindi,50,2019,7.1,7.1,7.23
OTT01766,Comedy,Hindi,55,2020,25.1,5.6,11.46
OTT01767,Thriller,English,43,2018,31.8,6.8,9.14
OTT01768,Action,English,80,2021,40.3,7.6,16.44
OTT01769,Comedy,Spanish,50,2024,22.8,7.8,10.61
OTT01770,Drama,Tamil,82,2019,16.3,9.0,7.33
OTT01771,Sci-Fi,Hindi,52,2018,15.4,6.5,4.53
OTT01772,Action,English,58,2018,21.7,6.0,9.77
OTT01773,Sci-Fi,Malayalam,64,2023,14.3,6.6,6.34
OTT01774,Sci-Fi,English,73,2022,8.6,6.7,11.67
OTT01775,Crime,Spanish,49,2018,9.0,8.0,6.61
OTT01776,Romance,Tamil,52,2018,9.1,8.3,8.25
OTT01777,Comedy,English,59,2021,26.4,8.5,22.06
OTT01778,Drama,Hindi,62,2024,11.3,6.9,10.78
OTT01779,Action,Tamil,49,2019,15.4,5.9,8.94
OTT01780,Romance,Hindi,71,2024,30.6,6.0,13.32
OTT01781,Sci-Fi,English,69,2025,15.1,7.5,12.03
OTT01782,Drama,English,45,2020,12.2,7.0,7.61
OTT01783,Action,Korean,70,2024,17.9,7.0,9.4
OTT01784,Drama,English,71,2018,28.1,8.5,17.15
OTT01785,Action,Spanish,56,2024,11.8,7.5,10.01
OTT01786,Thriller,Spanish,59,2022,21.3,7.1,12.45
OTT01787,Thriller,English,32,2026,9.6,7.4,9.9
OTT01788,Drama,Tamil,55,2020,9.9,8.1,9.43
OTT01789,Romance,Spanish,49,2022,16.6,6.0,5.71
OTT01790,Action,English,78,2023,46.0,6.4,18.23
OTT01791,Comedy,Telugu,82,2024,14.3,9.5,14.24
OTT01792,Comedy,Telugu,72,2021,11.0,8.1,5.64
OTT01793,Documentary,Spanish,42,2019,18.3,8.0,5.54
OTT01794,Thriller,English,47,2024,14.6,7.2,16.03
OTT01795,Thriller,Malayalam,54,2019,21.1,7.3,12.64
OTT01796,Action,English,72,2026,19.2,7.3,11.54
OTT01797,Action,Telugu,48,2019,39.5,6.2,8.97
OTT01798,Thriller,English,41,2022,12.4,7.4,10.34
OTT01799,Drama,English,64,2026,30.6,9.2,19.67
OTT01800,Action,English,58,2018,16.6,6.3,11.47
OTT01801,Action,Spanish,24,2022,17.7,6.7,8.19
OTT01802,Crime,Hindi,72,2018,18.7,6.7,17.74
OTT01803,Romance,Tamil,29,2018,13.3,6.5,6.76
OTT01804,Comedy,Hindi,56,2021,5.9,8.2,11.52
OTT01805,Comedy,Spanish,59,2021,20.7,7.2,6.74
OTT01806,Sci-Fi,Hindi,36,2020,8.6,8.9,8.18
OTT01807,Comedy,Hindi,74,2021,42.1,7.7,17.72
OTT01808,Action,English,55,2024,29.7,5.8,16.91
OTT01809,Romance,Spanish,64,2025,22.5,5.8,7.77
OTT01810,Drama,Hindi,56,2025,37.9,7.9,17.57
OTT01811,Thriller,English,52,2019,23.5,6.8,12.03
OTT01812,Romance,Hindi,46,2024,37.8,6.9,12.21
OTT01813,Crime,English,57,2020,31.1,6.4,7.45
OTT01814,Drama,Telugu,20,2022,29.5,6.9,8.93
OTT01815,Drama,Hindi,72,2026,24.2,7.9,11.07
OTT01816,Crime,Tamil,52,2021,22.1,7.2,9.19
OTT01817,Sci-Fi,Spanish,72,2025,7.1,6.1,7.42
OTT01818,Romance,Tamil,74,2024,7.3,6.8,3.5
OTT01819,Drama,English,75,2026,39.4,8.3,10.55
OTT01820,Documentary,English,51,2022,5.7,7.2,8.14
OTT01821,Crime,Telugu,20,2022,13.6,6.7,4.57
OTT01822,Comedy,Spanish,66,2024,14.2,7.6,14.86
OTT01823,Romance,Korean,45,2024,13.8,6.2,3.98
OTT01824,Romance,Tamil,68,2024,7.0,5.2,2.77
OTT01825,Comedy,Hindi,66,2020,15.3,7.5,7.35
OTT01826,Documentary,English,39,2021,13.9,4.8,2.92
OTT01827,Crime,Hindi,37,2024,13.5,6.9,18.44
OTT01828,Drama,Telugu,41,2026,14.3,6.5,10.1
OTT01829,Romance,Telugu,57,2019,44.4,6.9,12.4
OTT01830,Romance,Tamil,31,2025,34.9,8.2,11.08
OTT01831,Crime,Tamil,64,2026,22.9,6.3,10.85
OTT01832,Drama,Hindi,50,2023,33.4,7.8,10.34
OTT01833,Comedy,Malayalam,63,2019,34.0,7.7,8.6
OTT01834,Romance,Korean,65,2026,20.0,6.9,6.53
OTT01835,Romance,Hindi,46,2019,77.1,7.9,21.13
OTT01836,Drama,Hindi,51,2023,73.6,6.4,30.25
OTT01837,Sci-Fi,Spanish,46,2018,27.0,7.2,18.51
OTT01838,Sci-Fi,Malayalam,40,2026,32.8,7.1,9.68
OTT01839,Comedy,Hindi,31,2022,18.1,7.3,9.8
OTT01840,Comedy,English,48,2022,41.6,7.4,22.87
OTT01841,Crime,Hindi,73,2018,15.0,7.9,18.5
OTT01842,Drama,English,72,2020,16.3,7.2,12.33
OTT01843,Romance,Hindi,51,2020,10.0,7.2,7.22
OTT01844,Thriller,Tamil,45,2023,24.0,5.6,7.04
OTT01845,Comedy,English,31,2025,38.0,6.7,13.23
OTT01846,Thriller,Telugu,20,2018,22.0,6.3,10.1
OTT01847,Crime,English,48,2020,34.0,7.7,8.61
OTT01848,Thriller,English,39,2023,10.4,6.3,16.79
OTT01849,Thriller,Korean,61,2022,11.2,7.2,10.99
OTT01850,Action,English,62,2020,27.4,6.6,10.62
OTT01851,Action,Spanish,20,2023,18.3,8.8,11.39
OTT01852,Thriller,Spanish,54,2024,24.7,8.0,8.52
OTT01853,Romance,Korean,24,2019,41.3,6.6,10.87
OTT01854,Comedy,Hindi,56,2024,12.2,7.6,13.13
OTT01855,Action,Tamil,41,2023,21.6,6.0,10.44
OTT01856,Drama,Korean,46,2023,30.6,7.6,9.89
OTT01857,Action,Tamil,56,2020,9.1,7.5,11.83
OTT01858,Drama,Korean,47,2019,34.0,6.2,11.12
OTT01859,Thriller,English,75,2021,28.7,6.5,8.76
OTT01860,Comedy,Hindi,51,2018,14.9,6.0,3.1
OTT01861,Crime,Tamil,86,2025,11.9,6.4,4.45
OTT01862,Romance,Hindi,39,2018,11.8,7.6,8.06
OTT01863,Documentary,English,50,2021,14.7,6.9,12.01
OTT01864,Crime,Malayalam,58,2021,88.0,6.4,22.63
OTT01865,Sci-Fi,English,51,2023,12.9,7.1,10.78
OTT01866,Comedy,Telugu,63,2025,24.8,7.6,10.97
OTT01867,Action,English,58,2019,27.8,8.4,14.19
OTT01868,Romance,Tamil,69,2019,15.7,6.1,4.44
OTT01869,Action,Hindi,54,2020,27.4,6.5,14.6
OTT01870,Drama,English,35,2018,37.6,8.6,19.89
OTT01871,Romance,English,75,2025,18.4,9.8,24.39
OTT01872,Thriller,Hindi,61,2020,10.4,6.6,7.02
OTT01873,Drama,Telugu,48,2020,11.0,5.8,3.43
OTT01874,Thriller,Hindi,30,2020,10.5,5.4,4.66
OTT01875,Comedy,Tamil,79,2018,26.9,6.4,6.9
OTT01876,Thriller,Spanish,48,2024,13.9,5.9,6.46
OTT01877,Comedy,Tamil,36,2022,20.7,7.8,8.76
OTT01878,Action,Hindi,36,2022,18.4,6.6,8.05
OTT01879,Sci-Fi,English,66,2025,23.3,7.9,19.02
OTT01880,Action,Spanish,48,2021,13.5,6.4,8.82
OTT01881,Drama,Korean,57,2026,37.4,6.7,21.52
OTT01882,Drama,Hindi,65,2022,21.5,6.4,10.99
OTT01883,Drama,Hindi,52,2024,37.7,6.5,17.64
OTT01884,Romance,Hindi,54,2019,18.1,7.2,7.41
OTT01885,Thriller,Telugu,56,2019,11.6,8.6,15.71
OTT01886,Romance,Telugu,64,2024,23.7,7.2,16.42
OTT01887,Comedy,English,39,2025,44.7,6.1,9.94
OTT01888,Crime,English,47,2019,13.3,6.9,11.49
OTT01889,Thriller,English,69,2022,13.4,6.4,8.89
OTT01890,Romance,Spanish,73,2020,17.8,8.1,14.61
OTT01891,Sci-Fi,English,53,2020,17.1,7.0,10.94
OTT01892,Action,Hindi,58,2019,11.9,8.0,13.0
OTT01893,Thriller,English,75,2023,24.2,7.7,11.31
OTT01894,Drama,Tamil,41,2018,10.4,7.2,5.33
OTT01895,Thriller,Tamil,58,2022,25.5,5.5,5.55
OTT01896,Action,Spanish,40,2020,15.5,6.9,9.48
OTT01897,Sci-Fi,Korean,34,2026,25.3,7.9,22.89
OTT01898,Comedy,English,42,2023,11.0,7.9,13.31
OTT01899,Sci-Fi,Korean,25,2021,30.4,7.8,15.41
OTT01900,Romance,Tamil,60,2018,30.5,5.9,6.78
OTT01901,Crime,Spanish,20,2025,19.8,8.4,11.26
OTT01902,Drama,English,64,2025,23.2,6.6,12.11
OTT01903,Action,Tamil,56,2018,8.2,6.6,4.82
OTT01904,Drama,Telugu,59,2022,17.0,7.9,8.7
OTT01905,Crime,English,54,2018,12.0,4.9,2.67
OTT01906,Action,Spanish,37,2025,19.7,6.9,10.91
OTT01907,Thriller,Korean,74,2025,58.1,6.2,9.77
OTT01908,Drama,Korean,72,2018,16.2,7.2,8.42
OTT01909,Comedy,Tamil,42,2021,15.7,6.6,2.96
OTT01910,Thriller,Telugu,43,2018,16.5,7.3,8.2
OTT01911,Comedy,English,48,2022,34.4,7.6,17.27
OTT01912,Action,English,48,2024,24.4,6.9,19.69
OTT01913,Sci-Fi,Hindi,44,2026,31.0,9.0,28.21
OTT01914,Action,Hindi,29,2023,20.9,5.6,5.03
OTT01915,Thriller,Hindi,33,2021,25.2,7.8,5.58
OTT01916,Documentary,Telugu,67,2024,21.2,6.3,7.75
OTT01917,Action,Korean,66,2022,13.6,8.8,15.38
OTT01918,Drama,Malayalam,57,2021,4.4,7.8,5.31
OTT01919,Drama,Spanish,47,2020,9.4,6.4,4.5
OTT01920,Comedy,Hindi,64,2025,45.7,6.6,13.69
OTT01921,Drama,Korean,51,2025,12.2,6.6,6.8
OTT01922,Drama,English,73,2019,6.1,6.1,7.9
OTT01923,Drama,Hindi,40,2019,15.0,7.7,6.59
OTT01924,Comedy,English,60,2026,21.2,8.1,9.56
OTT01925,Comedy,Hindi,23,2020,21.7,6.6,7.7
OTT01926,Crime,Spanish,32,2018,8.0,8.1,7.73
OTT01927,Romance,Hindi,63,2020,28.2,6.7,11.41
OTT01928,Action,Korean,45,2023,32.3,7.8,13.14
OTT01929,Action,English,55,2022,10.2,8.0,26.66
OTT01930,Action,Hindi,80,2024,21.0,7.4,10.39
OTT01931,Romance,Korean,71,2021,7.0,8.1,8.81
OTT01932,Documentary,English,58,2025,8.0,7.3,14.32
OTT01933,Thriller,Korean,48,2026,63.3,7.2,18.4
OTT01934,Drama,English,56,2021,7.1,7.7,5.55
OTT01935,Comedy,Tamil,26,2023,8.1,6.2,6.09
OTT01936,Comedy,Tamil,54,2025,33.2,7.2,7.34
OTT01937,Action,Spanish,64,2024,20.6,7.4,22.25
OTT01938,Romance,Hindi,53,2022,31.5,7.2,21.51
OTT01939,Sci-Fi,Hindi,41,2026,26.2,5.3,14.27
OTT01940,Sci-Fi,Hindi,62,2020,24.6,8.1,19.13
OTT01941,Drama,English,57,2024,24.7,8.0,39.58
OTT01942,Drama,Spanish,80,2026,43.1,5.1,7.15
OTT01943,Romance,Korean,36,2026,27.9,7.5,8.65
OTT01944,Comedy,Spanish,64,2019,28.9,7.5,11.39
OTT01945,Action,English,49,2025,47.0,6.5,15.37
OTT01946,Crime,Spanish,60,2024,17.2,7.1,10.78
OTT01947,Thriller,Telugu,56,2022,16.5,8.0,21.8
OTT01948,Drama,English,42,2022,44.5,7.2,20.31
OTT01949,Action,English,33,2026,21.8,6.9,19.59
OTT01950,Romance,Spanish,49,2025,17.2,8.4,6.96
OTT01951,Romance,Spanish,52,2020,32.6,7.2,7.62
OTT01952,Sci-Fi,Korean,42,2019,7.1,7.7,9.74
OTT01953,Comedy,Spanish,31,2022,13.3,6.0,7.44
OTT01954,Crime,English,85,2022,9.9,6.6,10.77
OTT01955,Thriller,Telugu,47,2022,37.0,8.2,11.28
OTT01956,Comedy,Tamil,41,2026,23.7,8.6,5.16
OTT01957,Sci-Fi,English,75,2026,7.3,5.5,5.86
OTT01958,Crime,English,60,2018,18.3,7.1,9.0
OTT01959,Documentary,English,51,2021,19.4,7.2,6.76
OTT01960,Action,English,42,2018,29.9,7.9,12.54
OTT01961,Documentary,English,42,2025,28.3,8.0,9.47
OTT01962,Thriller,Hindi,41,2026,18.9,7.3,22.2
OTT01963,Romance,English,49,2019,63.9,7.5,26.2
OTT01964,Crime,English,80,2020,8.3,6.7,8.47
OTT01965,Sci-Fi,Hindi,65,2025,22.5,7.0,11.93
OTT01966,Drama,English,34,2025,23.3,8.2,21.16
OTT01967,Comedy,Telugu,63,2018,26.2,7.1,4.33
OTT01968,Sci-Fi,Hindi,82,2023,13.4,6.9,9.65
OTT01969,Comedy,Korean,66,2022,9.4,7.0,5.01
OTT01970,Action,English,32,2020,57.0,7.3,23.53
OTT01971,Thriller,Spanish,52,2023,17.3,6.7,9.93
OTT01972,Crime,Telugu,36,2022,33.8,5.4,6.84
OTT01973,Drama,Spanish,59,2019,17.3,6.7,5.45
OTT01974,Comedy,Hindi,56,2023,44.5,6.1,15.49
OTT01975,Drama,English,20,2021,9.4,6.8,7.79
OTT01976,Action,Telugu,100,2023,22.6,8.6,18.66
OTT01977,Drama,English,63,2025,10.1,7.6,8.28
OTT01978,Comedy,Malayalam,47,2026,43.0,5.9,7.83
OTT01979,Drama,Tamil,46,2022,12.3,7.0,5.27
OTT01980,Thriller,English,70,2019,27.9,5.7,7.76
OTT01981,Crime,Spanish,44,2024,15.5,7.9,11.78
OTT01982,Crime,Malayalam,63,2019,28.2,8.2,12.06
OTT01983,Comedy,Tamil,37,2020,38.9,6.6,12.63
OTT01984,Action,Malayalam,61,2021,25.0,5.9,10.23
OTT01985,Action,Malayalam,41,2024,54.3,6.9,10.53
OTT01986,Thriller,Tamil,92,2021,63.3,6.6,12.25
OTT01987,Romance,Malayalam,49,2025,44.0,8.3,17.42
OTT01988,Action,Korean,43,2025,9.0,5.9,10.35
OTT01989,Drama,Korean,49,2024,12.5,8.6,16.28
OTT01990,Comedy,Telugu,64,2021,7.6,7.3,5.85
OTT01991,Action,Hindi,39,2021,6.7,6.5,11.41
OTT01992,Action,English,23,2018,10.3,8.2,27.35
OTT01993,Thriller,Korean,42,2024,8.1,8.9,8.58
OTT01994,Thriller,Tamil,65,2023,18.8,7.1,12.15
OTT01995,Thriller,Spanish,61,2025,5.1,6.6,6.64
OTT01996,Thriller,Tamil,56,2018,21.3,7.1,7.06
OTT01997,Documentary,Korean,60,2020,23.4,6.8,9.29
OTT01998,Thriller,Hindi,42,2018,12.7,6.1,4.63
OTT01999,Thriller,Tamil,45,2019,12.2,6.7,5.04
OTT02000,Crime,English,53,2020,21.7,7.0,11.32
OTT02001,Action,Telugu,54,2023,34.7,6.7,24.23
OTT02002,Drama,English,39,2023,13.4,7.9,10.7
OTT02003,Thriller,Hindi,73,2022,10.8,7.6,11.39
OTT02004,Comedy,English,37,2026,14.2,6.3,5.81
OTT02005,Drama,English,30,2023,18.1,7.9,15.73
OTT02006,Crime,English,71,2024,20.4,7.4,21.42
OTT02007,Comedy,Hindi,40,2020,12.7,7.3,9.12
OTT02008,Comedy,Hindi,62,2025,33.5,5.8,10.41
OTT02009,Sci-Fi,English,70,2021,13.4,6.3,7.27
OTT02010,Romance,Hindi,50,2024,26.6,7.7,11.23
OTT02011,Comedy,English,73,2025,13.4,5.8,9.54
OTT02012,Documentary,Korean,34,2023,9.2,8.1,7.37
OTT02013,Documentary,Hindi,43,2025,14.0,6.7,8.12
OTT02014,Comedy,Hindi,56,2026,12.9,7.0,8.66
OTT02015,Drama,Hindi,20,2022,13.8,8.1,13.98
OTT02016,Thriller,Hindi,66,2020,10.0,8.2,11.59
OTT02017,Comedy,Tamil,31,2025,24.4,5.8,11.39
OTT02018,Sci-Fi,Malayalam,66,2025,16.5,7.6,10.82
OTT02019,Crime,Hindi,41,2026,26.1,6.9,20.69
OTT02020,Romance,Tamil,84,2026,49.0,7.3,14.41
OTT02021,Thriller,English,30,2023,43.8,6.9,19.04
OTT02022,Thriller,Tamil,47,2026,85.2,7.8,24.69
OTT02023,Sci-Fi,English,58,2025,22.5,6.1,7.49
OTT02024,Thriller,Korean,43,2019,14.4,7.5,7.65
OTT02025,Action,Korean,61,2023,33.8,6.8,15.14
OTT02026,Romance,Tamil,82,2026,49.7,6.3,14.03
OTT02027,Action,Spanish,64,2019,25.4,5.2,13.76
OTT02028,Drama,Tamil,68,2025,51.5,5.7,14.78
OTT02029,Comedy,Hindi,64,2022,44.0,8.2,12.54
OTT02030,Romance,Tamil,67,2023,33.8,7.9,8.81
OTT02031,Drama,English,77,2021,15.4,5.5,4.33
OTT02032,Comedy,Telugu,29,2026,77.1,6.1,9.47
OTT02033,Documentary,Telugu,33,2024,21.6,6.6,3.97
OTT02034,Drama,English,20,2024,11.8,7.2,7.68
OTT02035,Action,Spanish,23,2025,6.1,7.0,13.78
OTT02036,Action,Telugu,46,2019,13.0,7.9,8.89
OTT02037,Action,English,52,2019,20.3,6.2,9.99
OTT02038,Action,Telugu,57,2021,9.1,8.8,12.25
OTT02039,Romance,English,50,2021,19.1,7.5,6.68
OTT02040,Documentary,English,68,2020,7.4,6.5,2.99
OTT02041,Thriller,English,71,2021,21.0,5.5,4.6
OTT02042,Romance,Spanish,53,2024,60.6,8.6,17.92
OTT02043,Action,Telugu,43,2020,4.7,6.6,5.0
OTT02044,Comedy,English,71,2018,10.8,7.6,9.18
OTT02045,Romance,Tamil,51,2023,17.2,6.4,4.85
OTT02046,Thriller,English,20,2021,22.1,7.3,10.76
OTT02047,Action,English,54,2020,26.2,4.1,4.48
OTT02048,Thriller,Tamil,40,2024,25.8,6.6,9.02
OTT02049,Drama,Hindi,70,2025,10.2,6.5,18.31
OTT02050,Sci-Fi,Korean,35,2019,29.7,8.3,14.25
OTT02051,Documentary,Malayalam,54,2018,47.9,6.7,5.1
OTT02052,Comedy,Telugu,44,2023,13.8,5.6,4.85
OTT02053,Crime,Spanish,36,2018,24.1,7.4,11.09
OTT02054,Thriller,Telugu,75,2023,5.4,7.3,8.61
OTT02055,Crime,English,38,2020,10.1,6.8,6.43
OTT02056,Comedy,Spanish,20,2018,18.4,6.6,9.24
OTT02057,Crime,Tamil,58,2023,11.3,7.3,8.91
OTT02058,Sci-Fi,Telugu,65,2022,30.4,7.4,8.99
OTT02059,Crime,Telugu,58,2024,59.5,8.8,27.68
OTT02060,Sci-Fi,Hindi,76,2025,18.3,6.1,10.97
OTT02061,Comedy,Hindi,51,2023,11.6,8.3,7.47
OTT02062,Action,Tamil,49,2018,25.5,6.1,6.08
OTT02063,Crime,Hindi,47,2024,40.0,7.2,24.34
OTT02064,Comedy,Korean,63,2024,47.6,6.8,17.1
OTT02065,Drama,English,44,2023,11.1,6.0,6.12
OTT02066,Comedy,Telugu,60,2023,45.5,7.1,10.81
OTT02067,Romance,Spanish,66,2020,5.9,7.6,9.27
OTT02068,Thriller,Telugu,80,2022,13.8,8.4,16.48
OTT02069,Comedy,Malayalam,65,2020,9.0,8.9,7.13
OTT02070,Drama,Hindi,70,2023,25.7,8.0,18.89
OTT02071,Romance,Hindi,39,2025,43.8,7.3,12.86
OTT02072,Comedy,Hindi,64,2018,31.1,6.7,15.81
OTT02073,Romance,English,55,2024,16.5,5.7,12.69
OTT02074,Action,Telugu,49,2026,6.8,7.8,9.13
OTT02075,Sci-Fi,Telugu,20,2020,25.0,7.5,9.48
OTT02076,Drama,Hindi,50,2023,15.1,7.9,5.83
OTT02077,Comedy,Spanish,50,2021,39.8,7.3,7.34
OTT02078,Comedy,Korean,47,2021,46.0,7.3,16.34
OTT02079,Crime,English,38,2025,21.0,7.9,14.74
OTT02080,Thriller,Telugu,56,2022,7.1,8.1,15.07
OTT02081,Romance,Hindi,78,2023,26.5,6.4,11.46
OTT02082,Romance,Tamil,33,2019,26.7,6.7,8.29
OTT02083,Crime,Hindi,20,2019,36.3,7.1,15.21
OTT02084,Romance,Korean,52,2018,30.7,6.1,8.93
OTT02085,Comedy,Telugu,43,2024,29.1,8.2,9.64
OTT02086,Drama,English,70,2024,11.7,7.9,7.96
OTT02087,Romance,English,58,2026,27.0,7.4,13.56
OTT02088,Thriller,English,43,2019,10.0,6.8,10.77
OTT02089,Action,Tamil,49,2026,11.9,7.8,11.84
OTT02090,Comedy,Spanish,32,2021,5.0,8.3,4.85
OTT02091,Romance,English,65,2022,20.2,6.5,6.7
OTT02092,Drama,English,61,2020,11.4,8.9,11.45
OTT02093,Drama,English,62,2020,18.3,6.6,12.62
OTT02094,Romance,English,72,2020,6.9,8.1,8.73
OTT02095,Thriller,Spanish,80,2021,25.4,6.6,10.25
OTT02096,Thriller,Hindi,55,2025,15.4,7.0,8.96
OTT02097,Comedy,Tamil,39,2023,27.4,7.6,8.89
OTT02098,Action,English,48,2019,12.1,7.8,10.91
OTT02099,Action,Hindi,51,2021,8.5,7.0,6.86
OTT02100,Action,Tamil,38,2025,15.5,8.2,10.69
OTT02101,Romance,Telugu,68,2019,28.4,7.5,9.26
OTT02102,Comedy,Hindi,49,2022,21.1,7.8,13.32
OTT02103,Drama,Korean,83,2025,19.6,6.4,11.37
OTT02104,Comedy,Spanish,44,2023,28.9,8.5,15.53
OTT02105,Action,Hindi,70,2024,7.0,8.7,20.5
OTT02106,Action,English,51,2019,50.1,7.8,16.89
OTT02107,Documentary,Tamil,62,2019,16.0,6.1,4.02
OTT02108,Sci-Fi,Korean,30,2025,29.5,6.7,8.52
OTT02109,Thriller,English,81,2020,17.0,7.0,16.85
OTT02110,Drama,Telugu,75,2020,51.6,8.8,15.63
OTT02111,Action,Hindi,58,2023,34.4,7.7,21.94
OTT02112,Documentary,Tamil,57,2021,5.2,8.3,4.37
OTT02113,Drama,Hindi,57,2020,13.0,7.1,9.26
OTT02114,Thriller,Tamil,55,2023,15.0,7.6,8.55
OTT02115,Romance,Hindi,20,2018,28.5,6.7,8.06
OTT02116,Thriller,Hindi,35,2020,8.9,7.0,5.13
OTT02117,Crime,Hindi,60,2019,16.0,7.3,9.96
OTT02118,Documentary,English,53,2020,21.4,7.2,11.63
OTT02119,Crime,Spanish,61,2026,30.1,6.5,12.82
OTT02120,Romance,Korean,48,2021,19.3,8.2,6.51
OTT02121,Drama,English,41,2024,21.3,6.9,5.66
OTT02122,Drama,Korean,58,2021,15.7,7.8,7.43
OTT02123,Drama,Tamil,67,2018,23.0,5.8,6.79
OTT02124,Action,English,55,2019,40.3,7.6,28.67
OTT02125,Documentary,Tamil,65,2026,27.6,7.8,6.34
OTT02126,Documentary,English,75,2025,43.4,7.6,8.98
OTT02127,Thriller,Hindi,54,2024,13.8,7.5,9.12
OTT02128,Crime,English,63,2024,5.6,6.6,6.41
OTT02129,Action,English,50,2026,28.0,6.4,15.07
OTT02130,Documentary,Hindi,44,2021,13.6,8.1,8.33
OTT02131,Comedy,Tamil,31,2019,10.1,7.5,7.17
OTT02132,Thriller,Telugu,64,2020,76.4,9.8,14.74
OTT02133,Thriller,Hindi,27,2018,47.6,6.5,13.4
OTT02134,Romance,Spanish,52,2026,19.7,7.3,13.12
OTT02135,Romance,Tamil,45,2019,45.2,7.8,20.08
OTT02136,Crime,Spanish,43,2023,49.5,7.1,17.52
OTT02137,Drama,Tamil,48,2026,38.1,7.1,8.73
OTT02138,Drama,English,52,2018,28.9,5.9,6.77
OTT02139,Romance,English,51,2022,79.8,7.7,12.31
OTT02140,Thriller,Telugu,64,2023,16.0,6.9,8.57
OTT02141,Action,Spanish,55,2023,5.9,8.0,9.58
OTT02142,Comedy,Hindi,35,2018,33.5,7.4,11.74
OTT02143,Drama,Telugu,46,2024,35.3,6.5,18.44
OTT02144,Drama,Hindi,59,2018,4.0,6.3,6.43
OTT02145,Comedy,Hindi,20,2023,23.0,6.6,6.15
OTT02146,Drama,English,46,2026,17.8,6.0,9.43
OTT02147,Action,Tamil,68,2022,23.2,6.7,10.81
OTT02148,Drama,Hindi,59,2023,14.1,8.1,14.43
OTT02149,Drama,Spanish,36,2025,12.3,7.5,10.12
OTT02150,Romance,Malayalam,48,2018,50.7,6.6,13.64
OTT02151,Documentary,Tamil,40,2020,51.5,6.3,8.19
OTT02152,Drama,English,49,2018,45.1,7.4,17.66
OTT02153,Drama,Korean,74,2025,51.9,7.7,19.01
OTT02154,Drama,Telugu,38,2021,29.7,7.2,10.36
OTT02155,Thriller,Telugu,44,2022,12.2,7.9,13.34
OTT02156,Crime,Hindi,42,2026,8.0,6.4,10.28
OTT02157,Drama,Hindi,63,2026,22.4,8.0,17.62
OTT02158,Action,Telugu,55,2024,13.9,5.2,8.46
OTT02159,Action,English,89,2018,46.0,7.1,15.51
OTT02160,Thriller,Spanish,59,2025,32.3,8.0,7.04
OTT02161,Thriller,English,39,2021,22.5,6.6,15.66
OTT02162,Action,English,51,2024,11.5,8.2,13.74
OTT02163,Crime,Spanish,46,2019,25.5,7.5,6.49
OTT02164,Drama,Telugu,28,2024,20.7,6.2,6.35
OTT02165,Action,Tamil,45,2023,11.5,7.5,12.23
OTT02166,Thriller,English,54,2023,16.9,7.0,11.1
OTT02167,Drama,Korean,76,2020,56.8,7.1,13.09
OTT02168,Action,Spanish,29,2026,17.2,7.1,12.7
OTT02169,Drama,English,52,2018,8.4,8.3,10.92
OTT02170,Comedy,English,46,2023,20.7,7.4,6.16
OTT02171,Thriller,Telugu,41,2018,15.9,7.3,5.58
OTT02172,Crime,English,57,2020,27.9,8.2,16.06
OTT02173,Crime,Telugu,87,2022,18.0,7.6,15.24
OTT02174,Comedy,Tamil,66,2021,6.4,6.4,5.54
OTT02175,Sci-Fi,Tamil,61,2026,15.0,8.2,16.1
OTT02176,Crime,Malayalam,47,2019,12.4,8.1,6.89
OTT02177,Romance,Korean,35,2019,7.7,7.5,9.91
OTT02178,Crime,Hindi,45,2020,24.8,8.0,11.12
OTT02179,Thriller,English,42,2026,23.3,7.4,16.86
OTT02180,Drama,English,61,2022,5.0,7.5,7.61
OTT02181,Action,Telugu,53,2024,50.3,6.5,23.15
OTT02182,Drama,English,46,2024,10.9,7.8,13.27
OTT02183,Drama,Hindi,49,2026,21.1,9.6,15.47
OTT02184,Thriller,Hindi,53,2021,11.1,6.4,6.04
OTT02185,Drama,Tamil,59,2025,18.1,7.8,13.56
OTT02186,Thriller,Tamil,62,2022,16.5,6.6,9.52
OTT02187,Documentary,Hindi,24,2021,20.8,7.9,5.87
OTT02188,Comedy,Korean,20,2023,13.5,7.4,8.37
OTT02189,Comedy,Telugu,65,2023,7.2,7.9,10.68
OTT02190,Crime,Hindi,61,2019,10.3,5.1,2.78
OTT02191,Crime,English,69,2020,42.6,8.4,15.12
OTT02192,Action,English,52,2019,10.9,7.5,7.58
OTT02193,Action,English,33,2023,79.5,7.1,25.2
OTT02194,Romance,Tamil,72,2021,20.7,6.6,9.37
OTT02195,Action,Malayalam,42,2024,8.7,7.9,9.97
OTT02196,Drama,Telugu,60,2022,23.2,7.3,12.59
OTT02197,Action,English,49,2021,19.9,6.2,6.66
OTT02198,Romance,Tamil,36,2019,10.4,6.1,5.01
OTT02199,Action,Korean,65,2024,23.5,5.7,10.28
OTT02200,Drama,English,61,2020,47.3,6.9,15.53
OTT02201,Drama,English,49,2021,13.9,7.5,7.25
OTT02202,Drama,Tamil,43,2019,9.4,7.4,5.31
OTT02203,Drama,English,39,2018,8.3,8.1,8.49
OTT02204,Sci-Fi,Malayalam,37,2026,16.4,7.7,14.83
OTT02205,Drama,English,56,2022,19.5,8.5,13.74
OTT02206,Thriller,Hindi,40,2026,9.6,6.1,10.76
OTT02207,Comedy,English,49,2021,5.3,7.4,12.63
OTT02208,Romance,English,53,2021,16.2,6.6,6.85
OTT02209,Drama,English,44,2018,21.9,7.3,8.87
OTT02210,Comedy,Hindi,56,2026,8.2,7.3,10.12
OTT02211,Drama,Tamil,51,2019,74.2,6.9,17.06
OTT02212,Drama,Spanish,42,2025,19.9,9.1,11.88
OTT02213,Action,Tamil,67,2023,45.8,8.0,30.17
OTT02214,Documentary,Korean,50,2026,23.4,6.5,13.28
OTT02215,Crime,Korean,42,2024,16.3,7.3,11.17
OTT02216,Drama,Telugu,46,2021,26.1,9.1,12.55
OTT02217,Comedy,Telugu,46,2025,54.6,6.3,13.14
OTT02218,Romance,Tamil,59,2025,33.6,6.8,11.35
OTT02219,Thriller,Malayalam,58,2018,18.6,8.9,15.65
OTT02220,Drama,English,58,2021,14.6,6.6,11.36
OTT02221,Comedy,Tamil,62,2024,37.4,7.6,11.37
OTT02222,Drama,Korean,27,2025,17.5,6.8,11.32
OTT02223,Documentary,English,60,2024,8.1,7.8,6.01
OTT02224,Sci-Fi,Hindi,68,2023,30.5,8.3,20.93
OTT02225,Thriller,Telugu,32,2018,21.2,7.1,6.71
OTT02226,Drama,Spanish,57,2019,29.0,7.8,12.33
OTT02227,Drama,Hindi,49,2025,14.0,6.5,9.59
OTT02228,Drama,Tamil,67,2021,9.3,5.1,3.07
OTT02229,Romance,English,53,2024,21.4,8.1,14.58
OTT02230,Drama,Hindi,55,2018,10.3,7.7,9.02
OTT02231,Drama,Hindi,50,2023,27.8,7.2,22.15
OTT02232,Romance,Hindi,55,2018,8.1,6.9,5.62
OTT02233,Comedy,English,65,2021,5.9,7.3,11.05
OTT02234,Romance,Telugu,41,2018,20.1,6.8,4.86
OTT02235,Thriller,Korean,48,2022,36.8,5.8,12.86
OTT02236,Drama,Spanish,30,2024,29.2,6.5,8.1
OTT02237,Sci-Fi,Telugu,37,2020,21.4,8.6,10.46
OTT02238,Thriller,Korean,42,2020,11.5,8.3,15.86
OTT02239,Comedy,English,50,2026,17.7,7.7,11.15
OTT02240,Comedy,Hindi,69,2025,50.9,6.7,15.04
OTT02241,Comedy,Hindi,35,2021,14.9,6.6,7.54
OTT02242,Drama,Malayalam,31,2025,17.7,7.8,11.3
OTT02243,Sci-Fi,Hindi,43,2020,5.3,6.1,3.93
OTT02244,Comedy,Hindi,36,2021,10.9,5.5,4.92
OTT02245,Comedy,English,48,2020,30.3,7.5,9.14
OTT02246,Drama,Telugu,31,2019,4.3,7.8,7.43
OTT02247,Drama,English,33,2026,25.9,8.7,9.23
OTT02248,Comedy,Hindi,60,2020,26.9,7.7,10.14
OTT02249,Romance,Korean,49,2019,57.7,6.4,14.88
OTT02250,Drama,English,52,2021,13.8,6.9,9.59
OTT02251,Action,English,57,2020,6.6,8.9,14.09
OTT02252,Comedy,Telugu,39,2025,16.8,6.5,4.9
OTT02253,Drama,Tamil,72,2025,24.9,7.2,13.33
OTT02254,Drama,Hindi,80,2018,12.6,8.7,12.65
OTT02255,Drama,English,71,2019,15.9,9.7,13.27
OTT02256,Action,Hindi,38,2025,16.6,6.5,7.3
OTT02257,Romance,Hindi,36,2021,28.3,8.1,10.66
OTT02258,Action,Tamil,89,2021,20.3,7.9,13.38
OTT02259,Crime,English,28,2026,7.8,6.5,6.88
OTT02260,Drama,English,59,2024,70.6,6.9,24.57
OTT02261,Drama,English,57,2025,43.9,5.4,13.0
OTT02262,Action,Tamil,21,2022,22.1,7.6,6.66
OTT02263,Comedy,Hindi,45,2020,9.2,6.2,3.95
OTT02264,Comedy,Korean,67,2025,37.5,7.8,18.55
OTT02265,Sci-Fi,Hindi,67,2020,16.9,6.3,11.27
OTT02266,Drama,English,20,2018,9.5,6.6,5.99
OTT02267,Drama,Tamil,69,2020,17.8,5.8,4.78
OTT02268,Crime,English,44,2021,31.6,8.6,16.23
OTT02269,Drama,Tamil,62,2018,38.5,5.8,7.28
OTT02270,Crime,English,61,2018,9.8,6.0,5.98
OTT02271,Thriller,Hindi,55,2023,15.6,8.7,13.05
OTT02272,Drama,Tamil,41,2019,17.6,6.8,11.16
OTT02273,Drama,English,55,2019,5.2,6.9,3.65
OTT02274,Comedy,Hindi,20,2022,13.8,6.4,7.5
OTT02275,Sci-Fi,Korean,55,2025,17.9,7.3,10.23
OTT02276,Thriller,Hindi,79,2018,12.0,8.3,11.0
OTT02277,Thriller,English,38,2020,5.3,8.1,8.71
OTT02278,Thriller,English,61,2020,23.5,8.0,16.91
OTT02279,Romance,Korean,56,2024,17.3,6.9,5.56
OTT02280,Drama,English,20,2020,27.0,7.3,7.17
OTT02281,Romance,Hindi,65,2021,10.5,6.7,6.5
OTT02282,Comedy,Malayalam,67,2019,8.7,7.8,3.57
OTT02283,Romance,Telugu,61,2022,16.5,4.9,4.96
OTT02284,Comedy,Spanish,46,2018,22.6,7.0,5.1
OTT02285,Documentary,Tamil,47,2024,19.2,7.8,5.0
OTT02286,Romance,Korean,51,2026,8.0,7.1,6.16
OTT02287,Comedy,Telugu,62,2019,69.7,7.3,16.65
OTT02288,Drama,English,50,2021,31.5,8.0,13.14
OTT02289,Documentary,Spanish,42,2020,17.8,7.0,7.35
OTT02290,Drama,Spanish,43,2025,22.2,7.6,10.73
OTT02291,Action,Korean,45,2025,12.3,6.1,12.64
OTT02292,Thriller,English,41,2023,33.4,6.7,10.35
OTT02293,Comedy,Tamil,66,2024,10.4,7.7,7.39
OTT02294,Romance,Tamil,48,2026,31.5,7.2,14.32
OTT02295,Romance,English,41,2022,18.6,7.1,9.44
OTT02296,Comedy,Hindi,76,2018,29.1,6.2,6.83
OTT02297,Action,English,52,2020,44.1,7.2,12.66
OTT02298,Thriller,English,68,2025,14.6,7.9,12.91
OTT02299,Drama,English,34,2022,30.3,6.5,9.57
OTT02300,Crime,Tamil,48,2020,20.4,9.2,11.1
OTT02301,Action,Hindi,72,2021,32.2,6.3,11.6
OTT02302,Thriller,Hindi,33,2025,24.5,6.3,11.2
OTT02303,Sci-Fi,Tamil,52,2020,16.2,7.2,10.1
OTT02304,Drama,Telugu,76,2019,23.8,6.2,13.19
OTT02305,Drama,Hindi,20,2023,21.8,7.1,10.41
OTT02306,Drama,English,64,2018,24.6,5.6,5.34
OTT02307,Drama,Tamil,42,2026,26.5,7.3,6.58
OTT02308,Thriller,Korean,48,2026,69.6,6.2,28.47
OTT02309,Romance,Telugu,92,2020,22.8,8.8,13.26
OTT02310,Thriller,English,50,2021,16.2,8.8,12.62
OTT02311,Comedy,Tamil,39,2022,11.1,8.0,11.93
OTT02312,Action,Tamil,87,2025,16.7,9.7,15.02
OTT02313,Drama,English,47,2026,30.7,6.9,9.93
OTT02314,Drama,Hindi,33,2022,25.1,6.8,10.43
OTT02315,Romance,Tamil,35,2019,22.4,7.3,9.72
OTT02316,Action,English,58,2019,17.9,7.2,10.78
OTT02317,Romance,Telugu,66,2025,10.6,6.9,8.41
OTT02318,Thriller,English,35,2023,39.3,7.6,20.32
OTT02319,Drama,Korean,54,2026,23.7,6.7,12.44
OTT02320,Action,Hindi,63,2023,32.3,6.7,12.03
OTT02321,Comedy,Hindi,26,2023,7.8,5.5,5.27
OTT02322,Crime,English,39,2022,11.3,8.1,9.64
OTT02323,Action,English,41,2022,35.6,8.5,22.73
OTT02324,Drama,Telugu,56,2022,10.9,7.3,6.65
OTT02325,Sci-Fi,Spanish,78,2024,18.4,6.9,13.96
OTT02326,Thriller,Malayalam,56,2022,21.6,6.3,7.36
OTT02327,Comedy,Hindi,41,2024,13.7,5.9,5.99
OTT02328,Thriller,English,38,2025,21.4,9.8,15.06
OTT02329,Drama,Hindi,53,2019,16.2,7.9,9.46
OTT02330,Drama,English,42,2021,25.4,7.1,20.15
OTT02331,Drama,Spanish,60,2024,9.8,6.9,6.56
OTT02332,Sci-Fi,Korean,62,2023,52.7,5.6,19.09
OTT02333,Drama,Malayalam,77,2019,35.6,7.7,9.75
OTT02334,Comedy,Malayalam,37,2022,34.0,6.6,11.02
OTT02335,Drama,Korean,50,2020,23.8,6.5,5.61
OTT02336,Thriller,Spanish,32,2026,9.0,8.0,8.67
OTT02337,Drama,Tamil,87,2026,20.4,6.8,9.09
OTT02338,Sci-Fi,Hindi,65,2022,36.3,6.7,12.39
OTT02339,Thriller,English,51,2023,8.2,7.8,9.64
OTT02340,Crime,Hindi,60,2021,25.2,7.0,8.58
OTT02341,Action,English,67,2022,9.3,7.1,14.09
OTT02342,Comedy,English,52,2020,31.0,7.5,8.65
OTT02343,Drama,English,75,2023,9.5,6.8,3.94
OTT02344,Romance,English,40,2022,38.7,6.4,13.69
OTT02345,Sci-Fi,English,26,2019,17.5,6.9,9.29
OTT02346,Drama,Korean,69,2019,18.0,7.5,7.93
OTT02347,Thriller,English,59,2025,7.7,7.3,8.71
OTT02348,Crime,Spanish,48,2023,13.6,6.3,6.37
OTT02349,Action,Spanish,34,2019,6.5,6.7,10.17
OTT02350,Crime,Telugu,68,2022,6.3,6.5,5.95
OTT02351,Documentary,Telugu,20,2024,31.7,7.5,8.84
OTT02352,Romance,English,63,2022,59.1,7.0,32.59
OTT02353,Comedy,Hindi,81,2022,44.9,7.8,14.82
OTT02354,Drama,English,60,2021,40.5,7.8,12.31
OTT02355,Thriller,Telugu,55,2021,5.7,7.6,7.06
OTT02356,Action,Hindi,58,2023,11.7,5.6,10.12
OTT02357,Comedy,English,60,2022,12.2,7.2,12.1
OTT02358,Action,Hindi,39,2022,12.5,6.4,6.67
OTT02359,Drama,English,42,2023,13.0,6.0,6.84
OTT02360,Comedy,Tamil,62,2023,18.0,6.1,7.22
OTT02361,Romance,Hindi,34,2024,16.8,7.9,13.89
OTT02362,Romance,Tamil,55,2025,13.3,8.7,8.16
OTT02363,Thriller,Hindi,48,2024,18.6,5.9,7.45
OTT02364,Sci-Fi,English,20,2026,23.7,6.5,10.35
OTT02365,Drama,Tamil,43,2022,16.2,7.9,12.97
OTT02366,Action,Tamil,44,2018,32.2,7.9,12.72
OTT02367,Documentary,Korean,75,2023,10.5,8.6,9.9
OTT02368,Action,Tamil,43,2020,8.6,6.9,8.85
OTT02369,Crime,English,59,2024,8.1,6.6,4.98
OTT02370,Documentary,Hindi,47,2022,6.0,7.2,3.54
OTT02371,Action,English,32,2026,23.7,6.8,20.12
OTT02372,Comedy,Tamil,73,2026,28.9,8.0,14.7
OTT02373,Drama,English,74,2020,29.4,6.9,10.55
OTT02374,Thriller,Korean,51,2025,24.9,8.0,18.65
OTT02375,Drama,English,81,2019,31.2,5.8,4.65
OTT02376,Comedy,Tamil,38,2023,17.7,7.3,5.75
OTT02377,Drama,Hindi,69,2023,17.0,7.7,15.78
OTT02378,Sci-Fi,Tamil,55,2022,7.5,6.0,8.05
OTT02379,Drama,Hindi,56,2024,24.6,6.3,12.69
OTT02380,Drama,English,62,2021,34.3,7.4,9.83
OTT02381,Action,Hindi,54,2019,9.9,7.6,8.74
OTT02382,Crime,Tamil,61,2022,27.6,7.5,11.94
OTT02383,Sci-Fi,English,56,2018,22.2,7.5,5.47
OTT02384,Action,Spanish,20,2024,31.2,7.8,13.8
OTT02385,Crime,Telugu,70,2023,19.8,8.6,13.44
OTT02386,Crime,Hindi,29,2022,22.5,7.1,14.88
OTT02387,Thriller,Spanish,37,2019,14.0,8.0,12.15
OTT02388,Comedy,Tamil,71,2018,12.3,7.3,6.27
OTT02389,Action,Korean,62,2024,10.7,8.4,15.33
OTT02390,Comedy,English,20,2025,35.0,7.4,12.94
OTT02391,Crime,Tamil,37,2020,10.5,9.1,17.83
OTT02392,Drama,Hindi,71,2023,11.5,7.7,12.81
OTT02393,Crime,English,48,2019,78.0,7.7,29.99
OTT02394,Comedy,Tamil,23,2019,17.4,6.2,5.06
OTT02395,Drama,English,73,2026,6.1,6.4,7.97
OTT02396,Drama,Hindi,58,2021,31.6,6.9,10.17
OTT02397,Documentary,Tamil,70,2023,21.9,7.8,5.19
OTT02398,Thriller,English,67,2025,13.5,6.6,12.7
OTT02399,Drama,Spanish,49,2025,11.3,7.4,11.33
OTT02400,Action,Spanish,61,2018,7.2,7.2,5.25
OTT02401,Action,Malayalam,71,2018,22.3,6.8,7.6
OTT02402,Comedy,Hindi,42,2018,10.8,6.7,5.81
OTT02403,Drama,Hindi,39,2026,11.2,6.3,5.54
OTT02404,Drama,English,76,2019,15.6,8.6,9.62
OTT02405,Romance,English,55,2019,15.0,7.1,7.03
OTT02406,Drama,Hindi,69,2024,29.6,6.9,19.58
OTT02407,Drama,English,31,2019,12.2,7.3,16.12
OTT02408,Comedy,English,58,2018,63.0,7.8,31.43
OTT02409,Documentary,Telugu,64,2023,10.9,6.9,9.15
OTT02410,Romance,Tamil,47,2026,93.4,6.4,32.32
OTT02411,Action,English,39,2019,21.0,8.6,14.63
OTT02412,Crime,Spanish,46,2026,23.5,6.5,11.64
OTT02413,Documentary,Hindi,27,2026,13.5,8.3,6.78
OTT02414,Sci-Fi,Malayalam,56,2020,8.5,9.0,4.82
OTT02415,Action,Hindi,55,2022,12.5,5.2,8.18
OTT02416,Crime,Hindi,46,2026,43.7,6.9,16.39
OTT02417,Action,Telugu,58,2021,9.9,5.7,7.81
OTT02418,Documentary,English,48,2018,19.6,7.6,6.17
OTT02419,Drama,English,64,2026,40.3,6.8,26.01
OTT02420,Drama,English,65,2021,10.0,7.1,5.83
OTT02421,Sci-Fi,Telugu,51,2019,22.3,6.9,7.41
OTT02422,Action,English,58,2019,18.8,8.4,11.53
OTT02423,Drama,English,88,2022,22.5,6.9,20.27
OTT02424,Thriller,English,52,2025,23.8,7.7,10.44
OTT02425,Comedy,Tamil,33,2026,26.7,8.6,14.22
OTT02426,Thriller,English,99,2025,46.2,9.8,29.35
OTT02427,Action,Tamil,60,2018,16.9,6.3,4.92
OTT02428,Romance,Hindi,35,2021,30.3,7.4,12.49
OTT02429,Romance,Korean,60,2022,30.8,6.3,9.01
OTT02430,Thriller,Hindi,38,2023,31.6,7.5,14.51
OTT02431,Thriller,Korean,36,2022,6.7,7.2,10.82
OTT02432,Action,English,31,2018,10.3,6.8,9.74
OTT02433,Sci-Fi,Spanish,38,2022,38.5,5.9,8.88
OTT02434,Comedy,Telugu,68,2025,7.3,7.0,3.3
OTT02435,Action,English,48,2021,20.6,8.0,12.23
OTT02436,Thriller,Telugu,28,2026,6.1,7.2,7.24
OTT02437,Comedy,Tamil,46,2023,8.7,6.7,3.26
OTT02438,Drama,Korean,63,2025,27.1,6.5,11.59
OTT02439,Comedy,English,67,2023,27.4,7.7,11.96
OTT02440,Drama,Tamil,62,2018,38.5,6.2,6.06
OTT02441,Documentary,Hindi,70,2026,20.3,7.9,7.31
OTT02442,Drama,English,46,2024,32.4,8.0,24.63
OTT02443,Drama,English,56,2018,14.6,6.0,4.36
OTT02444,Romance,Telugu,57,2019,10.8,6.2,4.21
OTT02445,Thriller,Hindi,72,2021,10.5,7.1,12.1
OTT02446,Drama,English,44,2023,8.1,7.3,8.81
OTT02447,Comedy,Malayalam,40,2019,8.2,6.8,5.07
OTT02448,Sci-Fi,Telugu,50,2026,57.6,7.7,21.73
OTT02449,Drama,English,58,2023,12.8,7.3,10.74
OTT02450,Thriller,Korean,49,2021,12.0,6.5,7.24
OTT02451,Drama,Malayalam,47,2020,8.5,8.0,8.33
OTT02452,Comedy,English,44,2021,22.1,8.8,23.04
OTT02453,Drama,English,74,2025,21.2,6.7,10.66
OTT02454,Drama,English,32,2020,36.2,8.4,11.1
OTT02455,Drama,Tamil,63,2026,26.4,6.9,17.8
OTT02456,Drama,Tamil,48,2024,12.5,7.4,10.56
OTT02457,Drama,Malayalam,85,2022,17.6,7.8,11.89
OTT02458,Thriller,Tamil,46,2021,21.1,4.0,3.19
OTT02459,Drama,Hindi,56,2018,10.7,7.7,11.3
OTT02460,Documentary,Tamil,54,2025,8.8,7.3,5.29
OTT02461,Action,Tamil,88,2021,18.5,5.5,9.49
OTT02462,Comedy,Telugu,67,2026,14.1,7.9,10.37
OTT02463,Comedy,Telugu,54,2024,8.0,7.4,8.3
OTT02464,Drama,Spanish,49,2019,14.7,6.2,4.44
OTT02465,Thriller,Hindi,39,2020,17.2,6.5,9.52
OTT02466,Comedy,English,60,2025,11.8,6.2,11.49
OTT02467,Romance,Malayalam,72,2022,12.2,7.6,6.45
OTT02468,Comedy,English,93,2024,23.9,6.8,8.46
OTT02469,Crime,Hindi,64,2025,17.6,7.4,11.57
OTT02470,Crime,Hindi,57,2024,36.4,7.0,17.7
OTT02471,Romance,Tamil,48,2023,16.9,7.1,8.42
OTT02472,Action,Tamil,41,2025,15.0,7.7,9.24
OTT02473,Drama,Korean,49,2024,100.0,4.8,15.87
OTT02474,Drama,Tamil,80,2021,14.1,8.0,6.86
OTT02475,Comedy,English,55,2026,15.2,6.9,7.12
OTT02476,Comedy,Spanish,49,2021,51.4,7.7,16.31
OTT02477,Sci-Fi,English,54,2026,20.5,7.2,12.44
OTT02478,Action,Korean,49,2020,12.0,9.1,18.84
OTT02479,Romance,Hindi,65,2023,33.7,8.0,12.01
OTT02480,Drama,English,65,2026,17.3,7.4,27.95
OTT02481,Drama,Hindi,52,2018,62.8,5.5,7.69
OTT02482,Comedy,Hindi,41,2024,12.6,7.8,8.25
OTT02483,Crime,English,61,2025,47.0,8.3,32.38
OTT02484,Crime,Spanish,49,2019,8.0,7.9,7.37
OTT02485,Action,Tamil,75,2026,7.1,8.9,16.89
OTT02486,Thriller,English,28,2024,7.5,6.5,13.78
OTT02487,Comedy,Tamil,60,2018,19.4,7.8,5.19
OTT02488,Comedy,English,44,2025,20.9,8.5,23.45
OTT02489,Drama,Malayalam,52,2020,19.3,7.4,6.22
OTT02490,Comedy,Korean,54,2019,7.8,5.1,3.85
OTT02491,Drama,Hindi,58,2021,15.3,6.3,10.82
OTT02492,Action,English,78,2018,5.8,6.5,3.52
OTT02493,Comedy,Hindi,72,2020,17.4,7.8,8.77
OTT02494,Thriller,Hindi,20,2018,23.6,8.9,16.48
OTT02495,Drama,Hindi,74,2021,17.9,8.7,9.9
OTT02496,Thriller,English,25,2026,19.1,7.0,6.57
OTT02497,Sci-Fi,Tamil,81,2023,17.8,7.8,12.65
OTT02498,Drama,English,45,2022,31.3,6.8,6.4
OTT02499,Thriller,Malayalam,40,2021,23.4,5.7,6.58
OTT02500,Thriller,Tamil,37,2023,16.7,8.1,13.9
OTT02501,Crime,Malayalam,46,2024,6.0,6.7,5.19
OTT02502,Thriller,Korean,47,2025,22.3,8.5,11.66
OTT02503,Documentary,English,51,2025,28.5,7.0,8.18
OTT02504,Documentary,Tamil,20,2026,43.5,7.7,11.78
OTT02505,Sci-Fi,Hindi,36,2021,23.4,7.5,11.86
OTT02506,Romance,Spanish,78,2019,11.5,8.5,12.51
OTT02507,Drama,English,71,2026,16.7,7.1,10.15
OTT02508,Romance,Malayalam,68,2021,20.9,8.6,5.4
OTT02509,Sci-Fi,Telugu,46,2019,12.3,7.2,6.66
OTT02510,Drama,English,56,2026,7.2,7.8,8.97
OTT02511,Crime,Hindi,51,2021,18.6,7.4,10.45
OTT02512,Romance,Malayalam,43,2025,28.2,7.7,8.0
OTT02513,Action,Malayalam,40,2023,17.1,6.6,9.42
OTT02514,Drama,Telugu,57,2025,15.0,9.8,10.89
OTT02515,Thriller,English,61,2023,11.7,6.7,16.87
OTT02516,Romance,Spanish,27,2023,11.0,5.5,4.94
OTT02517,Comedy,Spanish,54,2019,58.9,7.9,13.53
OTT02518,Romance,Spanish,37,2021,15.0,6.7,11.06
OTT02519,Comedy,Spanish,66,2020,13.4,6.5,6.97
OTT02520,Action,Hindi,42,2024,10.5,8.3,17.85
OTT02521,Action,Telugu,47,2021,7.3,6.2,5.15
OTT02522,Comedy,Malayalam,47,2022,16.1,7.6,7.04
OTT02523,Action,Malayalam,46,2018,10.9,8.9,10.37
OTT02524,Romance,English,52,2026,12.4,6.1,6.69
OTT02525,Sci-Fi,Tamil,59,2025,16.2,6.7,9.67
OTT02526,Action,Korean,52,2026,9.8,6.0,4.79
OTT02527,Thriller,English,57,2018,17.1,7.8,8.26
OTT02528,Drama,English,41,2025,34.2,7.5,15.38
OTT02529,Drama,Tamil,52,2018,26.2,7.1,10.52
OTT02530,Romance,Hindi,82,2021,26.3,8.2,14.86
OTT02531,Action,Telugu,56,2019,22.2,6.8,6.03
OTT02532,Documentary,English,49,2020,5.2,7.8,4.89
OTT02533,Romance,Hindi,57,2024,15.9,7.7,13.29
OTT02534,Documentary,Spanish,63,2021,15.9,6.5,3.52
OTT02535,Sci-Fi,Hindi,45,2022,25.9,6.9,10.66
OTT02536,Sci-Fi,Telugu,39,2024,57.1,9.3,13.6
OTT02537,Action,English,72,2019,41.2,6.5,10.87
OTT02538,Drama,Tamil,85,2021,11.7,9.6,5.58
OTT02539,Documentary,Hindi,43,2023,8.7,7.7,5.55
OTT02540,Drama,English,44,2019,27.2,6.9,8.73
OTT02541,Drama,Tamil,77,2019,24.4,6.5,7.71
OTT02542,Documentary,Tamil,52,2025,13.8,7.5,8.1
OTT02543,Crime,Korean,62,2024,14.1,7.6,12.51
OTT02544,Comedy,English,79,2025,22.0,8.9,14.41
OTT02545,Comedy,Tamil,56,2025,11.4,7.5,7.57
OTT02546,Comedy,Hindi,74,2021,24.7,7.2,19.29
OTT02547,Thriller,English,49,2026,24.3,6.3,11.57
OTT02548,Romance,Hindi,54,2021,36.6,8.2,11.24
OTT02549,Drama,Spanish,51,2021,16.2,5.6,7.36
OTT02550,Drama,English,20,2019,31.9,7.2,8.24
OTT02551,Romance,Telugu,20,2019,5.7,7.6,5.49
OTT02552,Drama,Hindi,49,2022,18.6,7.3,9.46
OTT02553,Crime,Hindi,38,2018,10.0,7.1,6.65
OTT02554,Sci-Fi,English,62,2025,15.8,7.4,10.81
OTT02555,Action,Tamil,70,2026,11.0,6.2,5.26
OTT02556,Romance,Malayalam,67,2022,30.9,6.2,9.74
OTT02557,Sci-Fi,English,57,2020,9.6,7.9,10.09
OTT02558,Romance,Telugu,36,2019,51.7,6.4,11.13
OTT02559,Romance,English,45,2019,13.6,6.1,7.77
OTT02560,Drama,English,69,2023,6.5,7.1,12.32
OTT02561,Sci-Fi,Korean,58,2020,11.8,6.6,9.96
OTT02562,Crime,Hindi,74,2018,30.3,7.0,11.86
OTT02563,Action,Telugu,36,2022,5.0,7.3,8.58
OTT02564,Thriller,Telugu,39,2018,21.9,7.5,10.45
OTT02565,Romance,Tamil,50,2025,15.4,8.0,13.36
OTT02566,Sci-Fi,English,61,2020,10.5,6.7,10.9
OTT02567,Drama,English,20,2020,16.9,5.7,5.02
OTT02568,Crime,Korean,32,2024,17.3,6.3,9.16
OTT02569,Sci-Fi,Malayalam,64,2022,33.9,5.7,10.67
OTT02570,Comedy,Tamil,33,2019,23.6,7.0,7.75
OTT02571,Romance,English,70,2021,41.5,6.5,10.7
OTT02572,Comedy,English,51,2023,46.7,8.5,18.95
OTT02573,Drama,English,54,2025,6.7,6.7,10.95
OTT02574,Action,Spanish,44,2025,24.9,7.0,10.28
OTT02575,Comedy,Hindi,68,2020,11.9,6.2,7.02
OTT02576,Sci-Fi,Tamil,65,2025,20.1,6.8,12.41
OTT02577,Drama,English,62,2021,13.2,6.3,7.66
OTT02578,Thriller,Telugu,45,2020,54.9,5.7,7.6
OTT02579,Thriller,English,53,2022,9.3,7.7,19.66
OTT02580,Comedy,Hindi,47,2020,24.2,6.2,6.01
OTT02581,Crime,Korean,39,2018,15.3,7.8,11.42
OTT02582,Crime,Korean,38,2018,20.9,7.4,11.91
OTT02583,Comedy,Hindi,66,2018,11.3,7.5,8.8
OTT02584,Comedy,English,53,2023,27.2,7.8,12.2
OTT02585,Thriller,English,69,2023,22.2,8.7,13.07
OTT02586,Thriller,Hindi,49,2022,14.8,7.9,10.25
OTT02587,Crime,Spanish,44,2023,9.6,6.5,7.66
OTT02588,Sci-Fi,Korean,60,2024,73.5,7.1,30.73
OTT02589,Drama,English,29,2022,14.1,7.8,12.56
OTT02590,Documentary,Hindi,24,2022,8.8,6.5,3.5
OTT02591,Drama,English,45,2019,30.1,7.4,9.96
OTT02592,Romance,English,47,2020,13.4,7.0,5.7
OTT02593,Romance,English,62,2019,40.6,6.8,9.42
OTT02594,Comedy,Tamil,49,2024,16.0,7.5,6.97
OTT02595,Comedy,Malayalam,48,2024,18.5,7.7,14.69
OTT02596,Comedy,English,55,2019,50.7,7.1,12.43
OTT02597,Romance,Telugu,24,2020,6.8,6.4,4.41
OTT02598,Crime,Tamil,47,2026,19.5,7.1,15.38
OTT02599,Action,Hindi,55,2019,17.1,7.3,11.56
OTT02600,Thriller,Tamil,63,2025,7.8,6.9,8.04
OTT02601,Sci-Fi,Hindi,54,2026,40.2,6.5,14.14
OTT02602,Comedy,English,39,2018,16.9,6.9,10.43
OTT02603,Drama,Hindi,59,2018,33.2,7.2,11.34
OTT02604,Action,Spanish,35,2026,15.3,6.5,7.99
OTT02605,Documentary,Hindi,34,2019,22.7,8.3,10.22
OTT02606,Sci-Fi,Hindi,57,2021,37.1,8.2,12.15
OTT02607,Thriller,Hindi,70,2021,51.8,5.6,24.85
OTT02608,Documentary,English,30,2023,39.4,6.9,8.52
OTT02609,Drama,Telugu,61,2019,43.9,7.5,12.29
OTT02610,Crime,Telugu,59,2023,19.0,6.5,9.47
OTT02611,Drama,Korean,70,2020,33.1,7.8,20.62
OTT02612,Action,Korean,68,2025,7.7,5.8,10.25
OTT02613,Drama,English,22,2025,43.8,6.5,11.63
OTT02614,Crime,Spanish,48,2026,13.4,7.7,8.14
OTT02615,Romance,Hindi,42,2024,17.6,8.2,9.54
OTT02616,Crime,Tamil,46,2019,17.3,7.3,9.12
OTT02617,Sci-Fi,English,41,2018,21.8,7.4,7.28
OTT02618,Thriller,Hindi,79,2024,8.0,6.9,8.28
OTT02619,Action,English,46,2019,13.4,8.3,15.15
OTT02620,Thriller,Tamil,87,2018,26.9,6.8,9.72
OTT02621,Comedy,Spanish,61,2020,11.4,8.9,10.3
OTT02622,Action,Telugu,48,2021,8.5,7.9,5.34
OTT02623,Romance,English,55,2019,10.3,6.1,4.61
OTT02624,Drama,Tamil,50,2026,8.7,7.3,11.4
OTT02625,Drama,Telugu,54,2026,16.8,6.6,7.54
OTT02626,Documentary,Tamil,53,2026,8.0,8.0,8.0
OTT02627,Sci-Fi,Tamil,67,2023,19.6,7.1,6.82
OTT02628,Comedy,Spanish,88,2018,12.8,5.8,5.51
OTT02629,Drama,Hindi,72,2024,19.6,5.0,4.82
OTT02630,Comedy,Hindi,59,2019,38.1,6.7,8.39
OTT02631,Comedy,English,43,2026,14.4,6.3,7.14
OTT02632,Action,Telugu,63,2021,15.3,8.0,8.22
OTT02633,Thriller,English,62,2022,55.1,7.4,14.75
OTT02634,Drama,Malayalam,43,2026,16.1,8.6,6.48
OTT02635,Action,Malayalam,32,2025,5.8,6.9,9.93
OTT02636,Thriller,Tamil,39,2023,76.4,8.9,24.34
OTT02637,Drama,Malayalam,61,2020,45.2,8.9,10.87
OTT02638,Thriller,Hindi,20,2026,10.6,7.0,11.91
OTT02639,Drama,Spanish,50,2023,8.4,6.1,5.64
OTT02640,Comedy,Spanish,58,2024,8.0,7.2,7.28
OTT02641,Romance,Hindi,33,2026,12.1,6.9,8.11
OTT02642,Drama,Tamil,61,2022,15.6,7.5,6.72
OTT02643,Documentary,Telugu,71,2025,30.8,7.7,10.38
OTT02644,Drama,Hindi,66,2026,9.6,8.3,11.1
OTT02645,Thriller,Hindi,62,2025,16.8,6.9,9.06
OTT02646,Crime,Telugu,54,2022,19.7,5.7,9.04
OTT02647,Drama,English,59,2021,16.1,7.9,13.74
OTT02648,Crime,Hindi,25,2018,62.1,7.4,11.57
OTT02649,Action,English,79,2022,12.6,6.3,8.27
OTT02650,Action,English,28,2019,19.1,6.6,7.84
OTT02651,Drama,English,60,2025,11.6,7.6,8.27
OTT02652,Sci-Fi,Tamil,69,2018,7.4,8.3,9.31
OTT02653,Crime,Korean,72,2026,10.6,6.7,4.97
OTT02654,Action,Hindi,54,2018,20.7,8.3,7.56
OTT02655,Action,English,47,2026,18.0,8.8,14.86
OTT02656,Drama,Tamil,37,2022,28.1,7.5,5.89
OTT02657,Romance,English,70,2023,26.3,5.9,6.79
OTT02658,Romance,Spanish,58,2022,30.9,7.7,10.24
OTT02659,Romance,Spanish,64,2025,28.6,8.5,11.77
OTT02660,Action,Hindi,60,2023,15.5,7.4,7.42
OTT02661,Romance,Spanish,62,2022,36.4,7.2,10.83
OTT02662,Action,Telugu,54,2026,15.1,8.7,13.79
OTT02663,Thriller,Tamil,53,2025,26.8,8.2,11.27
OTT02664,Comedy,Spanish,42,2025,26.8,8.8,11.96
OTT02665,Drama,Hindi,39,2023,34.2,7.5,9.28
OTT02666,Action,English,53,2026,18.4,6.1,12.85
OTT02667,Romance,Spanish,58,2019,40.1,8.5,10.16
OTT02668,Crime,Hindi,49,2021,7.0,8.1,7.74
OTT02669,Drama,Hindi,53,2018,26.2,7.3,21.96
OTT02670,Drama,Hindi,60,2023,12.3,7.1,9.55
OTT02671,Thriller,English,74,2025,28.3,7.8,12.58
OTT02672,Romance,Hindi,58,2022,14.2,6.0,4.26
OTT02673,Action,Tamil,44,2023,25.2,7.3,10.3
OTT02674,Drama,Hindi,35,2019,39.4,6.8,8.61
OTT02675,Romance,English,41,2026,13.1,9.2,11.02
OTT02676,Comedy,Spanish,50,2024,31.1,6.2,6.7
OTT02677,Documentary,Korean,35,2023,30.1,7.3,8.3
OTT02678,Sci-Fi,Spanish,44,2018,17.6,8.4,7.57
OTT02679,Romance,Hindi,47,2019,14.4,9.5,12.51
OTT02680,Drama,Hindi,55,2023,18.8,8.8,12.31
OTT02681,Thriller,Telugu,61,2021,26.0,7.1,6.52
OTT02682,Comedy,Tamil,30,2022,35.3,8.1,17.65
OTT02683,Sci-Fi,English,59,2022,22.4,9.1,7.74
OTT02684,Comedy,Hindi,35,2023,17.9,7.5,10.16
OTT02685,Action,Telugu,25,2018,14.8,6.8,6.78
OTT02686,Drama,English,43,2020,7.3,7.1,8.78
OTT02687,Action,English,20,2021,21.0,6.6,8.68
OTT02688,Crime,Telugu,65,2020,10.7,6.2,4.21
OTT02689,Crime,Telugu,72,2025,8.6,7.3,7.81
OTT02690,Action,Hindi,53,2025,20.6,7.3,21.88
OTT02691,Drama,Hindi,63,2023,10.0,6.8,16.71
OTT02692,Romance,Hindi,38,2021,5.6,8.2,8.32
OTT02693,Drama,Spanish,47,2021,39.5,8.1,14.31
OTT02694,Comedy,Telugu,20,2019,39.4,8.9,13.37
OTT02695,Thriller,Hindi,40,2022,39.3,7.3,8.53
OTT02696,Romance,Korean,54,2024,27.5,7.9,9.54
OTT02697,Thriller,Telugu,40,2018,5.8,6.8,4.62
OTT02698,Romance,English,57,2024,9.2,7.9,13.52
OTT02699,Action,Tamil,54,2026,16.7,6.6,5.76
OTT02700,Romance,Hindi,74,2019,38.6,8.0,23.62
OTT02701,Drama,English,43,2022,11.5,7.2,11.75
OTT02702,Drama,Hindi,59,2022,14.8,6.2,5.85
OTT02703,Documentary,Tamil,33,2024,10.0,6.4,4.78
OTT02704,Action,Hindi,77,2024,18.9,7.3,17.61
OTT02705,Action,English,56,2023,39.9,6.3,14.62
OTT02706,Action,Tamil,69,2026,6.3,7.6,12.23
OTT02707,Action,Telugu,62,2018,28.7,8.6,13.35
OTT02708,Thriller,Tamil,27,2018,12.9,7.0,9.46
OTT02709,Romance,Tamil,50,2019,13.4,8.5,9.26
OTT02710,Thriller,English,60,2023,13.2,7.8,11.8
OTT02711,Thriller,English,20,2026,24.8,6.5,12.72
OTT02712,Crime,Spanish,64,2022,9.0,7.7,7.73
OTT02713,Sci-Fi,English,22,2023,10.9,6.3,11.91
OTT02714,Comedy,English,58,2026,28.6,6.2,10.25
OTT02715,Drama,Spanish,32,2023,12.4,6.6,5.62
OTT02716,Sci-Fi,English,39,2025,12.5,6.1,6.36
OTT02717,Action,English,49,2025,25.7,4.5,8.76
OTT02718,Romance,English,51,2024,16.8,7.4,10.45
OTT02719,Comedy,Hindi,65,2018,14.9,5.0,2.8
OTT02720,Action,Telugu,54,2019,11.8,7.5,7.57
OTT02721,Crime,Hindi,47,2019,33.4,6.4,11.4
OTT02722,Comedy,English,37,2022,12.7,7.8,14.94
OTT02723,Thriller,Telugu,70,2023,29.1,6.3,12.8
OTT02724,Sci-Fi,Tamil,61,2023,54.0,8.0,20.91
OTT02725,Action,Hindi,40,2026,6.2,7.0,6.85
OTT02726,Comedy,English,44,2018,38.1,7.0,14.58
OTT02727,Crime,Telugu,28,2025,18.9,8.5,14.28
OTT02728,Crime,Hindi,38,2022,11.0,8.2,8.65
OTT02729,Thriller,Hindi,53,2023,10.9,7.6,11.37
OTT02730,Sci-Fi,Hindi,83,2020,59.2,7.4,18.47
OTT02731,Drama,English,51,2021,24.7,7.8,10.76
OTT02732,Sci-Fi,Telugu,63,2026,23.0,7.0,9.92
OTT02733,Drama,Tamil,72,2020,38.2,8.7,8.44
OTT02734,Drama,English,61,2023,12.9,6.6,16.88
OTT02735,Comedy,Hindi,40,2022,35.4,6.9,5.21
OTT02736,Romance,Korean,58,2020,12.1,6.3,6.65
OTT02737,Comedy,English,36,2020,39.4,7.5,9.81
OTT02738,Comedy,Tamil,61,2020,10.9,6.6,4.24
OTT02739,Action,Spanish,61,2023,11.1,7.5,9.13
OTT02740,Thriller,Hindi,43,2021,14.3,7.5,12.75
OTT02741,Drama,Malayalam,59,2026,13.4,8.4,8.32
OTT02742,Thriller,Telugu,49,2026,16.5,7.3,15.5
OTT02743,Thriller,English,52,2026,44.5,7.8,16.09
OTT02744,Drama,Hindi,37,2023,30.0,7.0,12.88
OTT02745,Comedy,Korean,58,2022,27.7,6.8,12.1
OTT02746,Thriller,Hindi,37,2021,28.8,6.5,14.64
OTT02747,Romance,English,67,2018,27.9,6.9,8.15
OTT02748,Comedy,English,69,2020,13.8,7.5,12.68
OTT02749,Romance,Tamil,27,2025,6.4,5.6,4.24
OTT02750,Action,Hindi,51,2026,22.0,6.4,15.31
OTT02751,Action,Hindi,43,2026,7.1,8.4,15.7
OTT02752,Sci-Fi,Hindi,71,2021,22.4,7.0,11.48
OTT02753,Action,English,20,2024,17.6,9.3,14.99
OTT02754,Drama,Tamil,47,2022,17.9,5.6,7.23
OTT02755,Crime,English,31,2025,35.1,7.7,9.73
OTT02756,Thriller,English,47,2021,38.6,8.4,11.44
OTT02757,Action,Malayalam,55,2023,14.1,7.0,11.38
OTT02758,Action,Korean,43,2023,6.9,8.3,16.21
OTT02759,Comedy,Hindi,51,2025,10.6,5.8,7.9
OTT02760,Crime,Tamil,35,2018,5.9,7.1,3.34
OTT02761,Thriller,English,30,2025,12.2,7.0,12.1
OTT02762,Action,Korean,33,2026,25.4,5.5,7.88
OTT02763,Action,English,42,2026,12.9,6.8,7.69
OTT02764,Drama,Hindi,60,2022,30.7,6.9,12.97
OTT02765,Action,Spanish,52,2025,23.2,6.9,14.29
OTT02766,Documentary,English,37,2021,12.5,8.4,4.27
OTT02767,Romance,Hindi,61,2025,27.3,6.3,12.84
OTT02768,Action,Tamil,38,2025,9.4,8.2,19.98
OTT02769,Drama,Tamil,38,2021,23.2,8.2,12.61
OTT02770,Romance,Hindi,87,2020,11.3,8.0,12.66
OTT02771,Romance,Hindi,44,2023,10.4,7.7,10.11
OTT02772,Thriller,English,40,2024,32.7,6.9,7.6
OTT02773,Drama,Tamil,53,2026,6.6,7.7,13.76
OTT02774,Drama,Tamil,20,2022,19.9,6.9,6.96
OTT02775,Action,Hindi,57,2024,47.1,6.4,16.5
OTT02776,Crime,Tamil,70,2026,16.5,6.3,10.82
OTT02777,Action,English,31,2019,62.4,6.3,23.37
OTT02778,Comedy,English,44,2020,6.7,7.5,7.14
OTT02779,Action,Malayalam,71,2019,14.4,8.9,9.11
OTT02780,Thriller,Malayalam,50,2021,11.6,6.0,6.38
OTT02781,Action,English,56,2025,39.7,5.9,12.01
OTT02782,Action,English,62,2024,48.4,5.3,10.82
OTT02783,Romance,Tamil,99,2020,20.4,6.7,9.46
OTT02784,Crime,Hindi,39,2025,35.1,8.2,19.04
OTT02785,Thriller,English,69,2020,25.5,6.5,10.6
OTT02786,Drama,English,72,2021,12.0,8.1,13.68
OTT02787,Romance,Tamil,82,2023,35.6,8.1,16.88
OTT02788,Thriller,Tamil,88,2024,29.2,7.8,9.29
OTT02789,Action,Hindi,51,2025,22.5,6.4,15.68
OTT02790,Crime,Hindi,35,2022,16.1,8.6,7.64
OTT02791,Documentary,English,32,2023,8.5,7.3,6.85
OTT02792,Thriller,Korean,29,2019,29.6,7.0,15.34
OTT02793,Comedy,Hindi,35,2022,12.6,8.1,12.94
OTT02794,Comedy,Tamil,44,2022,22.8,7.2,4.85
OTT02795,Romance,English,54,2024,24.8,8.2,13.82
OTT02796,Crime,Korean,66,2024,18.9,8.1,12.28
OTT02797,Drama,English,52,2026,13.7,8.5,9.65
OTT02798,Comedy,Telugu,67,2025,50.9,6.2,11.18
OTT02799,Comedy,Spanish,45,2020,22.1,6.9,2.68
OTT02800,Thriller,English,62,2026,14.8,7.8,12.22
OTT02801,Sci-Fi,Hindi,52,2018,40.9,7.4,13.03
OTT02802,Crime,English,50,2018,9.2,9.1,7.52
OTT02803,Sci-Fi,Hindi,46,2025,28.2,8.6,25.91
OTT02804,Comedy,Hindi,21,2023,34.8,8.0,23.42
OTT02805,Thriller,Hindi,57,2021,15.6,6.9,11.7
OTT02806,Action,Hindi,55,2018,17.3,8.7,5.1
OTT02807,Romance,Hindi,40,2026,6.1,8.0,9.05
OTT02808,Romance,Hindi,42,2018,7.5,8.2,11.89
OTT02809,Drama,Tamil,58,2025,28.9,5.9,11.16
OTT02810,Documentary,Tamil,67,2026,36.6,8.4,17.4
OTT02811,Thriller,Korean,60,2022,8.9,7.0,12.43
OTT02812,Drama,Hindi,63,2026,27.5,7.4,15.61
OTT02813,Comedy,Tamil,26,2019,4.0,6.5,4.28
OTT02814,Documentary,English,28,2025,17.2,8.3,12.82
OTT02815,Crime,Korean,45,2022,12.1,7.0,7.48
OTT02816,Romance,Telugu,32,2024,12.8,7.3,6.8
OTT02817,Crime,Hindi,28,2020,14.3,6.6,10.18
OTT02818,Thriller,Malayalam,62,2021,40.8,7.2,9.84
OTT02819,Action,Korean,96,2021,10.5,7.6,15.02
OTT02820,Drama,Hindi,35,2021,12.5,7.0,6.17
OTT02821,Romance,Korean,52,2022,16.2,6.7,14.33
OTT02822,Thriller,Hindi,26,2023,18.2,7.7,11.7
OTT02823,Romance,Hindi,56,2018,32.5,7.4,8.3
OTT02824,Romance,English,67,2025,11.1,6.6,16.86
OTT02825,Sci-Fi,Hindi,65,2023,28.0,5.8,7.56
OTT02826,Comedy,Malayalam,46,2024,48.9,6.7,8.06
OTT02827,Comedy,Hindi,47,2026,6.9,7.7,10.04
OTT02828,Comedy,English,63,2021,14.9,6.8,11.43
OTT02829,Romance,Telugu,55,2021,76.5,5.5,12.31
OTT02830,Drama,Malayalam,62,2019,19.2,6.1,4.97
OTT02831,Drama,Hindi,32,2020,8.2,7.3,5.74
OTT02832,Comedy,Spanish,78,2024,33.8,8.1,12.2
OTT02833,Action,Malayalam,27,2025,22.6,6.6,13.49
OTT02834,Romance,Tamil,50,2020,12.5,6.2,8.96
OTT02835,Action,English,63,2023,18.4,6.3,14.75
OTT02836,Action,Telugu,66,2024,16.7,6.0,6.56
OTT02837,Thriller,English,34,2024,21.0,7.2,6.98
OTT02838,Comedy,Malayalam,51,2021,8.1,7.2,5.74
OTT02839,Action,Tamil,43,2026,23.1,7.1,18.29
OTT02840,Action,Malayalam,70,2023,30.9,7.1,9.75
OTT02841,Comedy,Tamil,59,2024,24.6,7.0,9.45
OTT02842,Romance,English,38,2026,4.3,7.5,4.63
OTT02843,Comedy,Korean,40,2021,5.9,8.6,8.55
OTT02844,Drama,English,29,2020,16.9,9.0,6.93
OTT02845,Drama,Hindi,29,2023,10.5,7.8,13.04
OTT02846,Drama,Hindi,36,2026,19.8,6.6,8.19
OTT02847,Comedy,Tamil,44,2024,12.0,7.8,9.43
OTT02848,Romance,Tamil,29,2026,22.2,7.2,10.24
OTT02849,Comedy,Telugu,51,2024,13.4,7.4,7.89
OTT02850,Action,Hindi,39,2022,22.2,7.1,9.2
OTT02851,Drama,Hindi,62,2024,36.4,7.6,8.69
OTT02852,Thriller,English,63,2021,22.9,9.5,18.36
OTT02853,Action,Tamil,65,2019,15.5,8.3,16.73
OTT02854,Thriller,Spanish,52,2025,34.1,5.6,10.11
OTT02855,Action,Hindi,33,2021,22.7,6.9,15.63
OTT02856,Thriller,English,90,2025,25.6,8.5,17.29
OTT02857,Thriller,Hindi,70,2022,5.3,7.7,10.09
OTT02858,Sci-Fi,Tamil,35,2018,8.7,6.6,2.92
OTT02859,Drama,Tamil,50,2025,17.1,6.6,6.18
OTT02860,Action,Tamil,50,2024,17.6,7.5,10.16
OTT02861,Crime,Tamil,51,2019,17.6,7.3,6.23
OTT02862,Comedy,Korean,25,2020,22.1,5.2,3.05
OTT02863,Documentary,Hindi,27,2024,4.6,6.4,5.76
OTT02864,Action,Hindi,43,2021,31.1,7.3,11.09
OTT02865,Romance,Tamil,49,2020,10.6,7.6,4.5
OTT02866,Action,Hindi,50,2019,14.3,7.7,12.85
OTT02867,Romance,Korean,66,2018,62.3,6.6,16.87
OTT02868,Romance,Hindi,77,2020,64.1,8.4,28.52
OTT02869,Comedy,Tamil,51,2025,16.4,7.2,14.71
OTT02870,Comedy,Malayalam,40,2026,25.8,8.5,8.44
OTT02871,Thriller,Korean,71,2019,16.2,6.0,5.5
OTT02872,Crime,Hindi,58,2021,39.5,6.2,12.51
OTT02873,Sci-Fi,Telugu,51,2022,51.2,7.6,14.85
OTT02874,Thriller,Korean,64,2021,25.5,7.6,11.45
OTT02875,Drama,Hindi,75,2025,22.1,6.7,10.19
OTT02876,Comedy,Hindi,57,2023,46.0,7.0,16.89
OTT02877,Crime,Korean,60,2022,17.3,7.0,7.39
OTT02878,Crime,English,50,2022,14.8,7.6,14.19
OTT02879,Action,Hindi,29,2026,11.6,7.5,7.98
OTT02880,Comedy,Telugu,51,2021,61.1,6.9,11.7
OTT02881,Drama,Tamil,86,2018,8.0,7.4,6.71
OTT02882,Comedy,Malayalam,66,2023,9.7,8.0,4.12
OTT02883,Drama,English,47,2020,33.7,6.7,13.52
OTT02884,Sci-Fi,Hindi,44,2022,55.8,7.5,28.69
OTT02885,Crime,English,71,2018,28.6,4.5,8.65
OTT02886,Comedy,Malayalam,46,2024,10.4,8.3,5.58
OTT02887,Romance,Tamil,53,2018,15.3,8.1,14.0
OTT02888,Sci-Fi,Tamil,60,2020,44.5,6.5,16.49
OTT02889,Drama,Telugu,45,2018,12.2,7.8,11.57
OTT02890,Thriller,Telugu,33,2024,12.7,8.0,12.66
OTT02891,Sci-Fi,English,46,2018,4.0,7.9,9.1
OTT02892,Action,Telugu,49,2019,14.2,7.4,11.03
OTT02893,Drama,Korean,70,2024,16.7,8.7,5.35
OTT02894,Crime,Telugu,85,2026,22.4,8.4,20.29
OTT02895,Documentary,Tamil,36,2022,21.5,7.4,3.78
OTT02896,Action,Spanish,43,2023,13.6,6.3,9.13
OTT02897,Thriller,Tamil,69,2022,13.9,8.6,12.63
OTT02898,Romance,Malayalam,38,2024,13.2,7.3,4.06
OTT02899,Comedy,Hindi,38,2019,19.6,6.0,6.22
OTT02900,Action,Hindi,41,2025,27.4,8.9,15.81
OTT02901,Romance,Hindi,47,2023,15.9,7.7,12.71
OTT02902,Action,Korean,64,2024,6.2,6.3,4.86
OTT02903,Drama,Malayalam,52,2022,17.5,7.6,7.46
OTT02904,Drama,Telugu,53,2020,24.1,7.5,10.91
OTT02905,Comedy,English,52,2022,10.3,6.4,4.8
OTT02906,Romance,English,41,2025,18.0,7.8,13.63
OTT02907,Romance,English,41,2021,25.6,6.5,10.31
OTT02908,Crime,Korean,54,2024,37.2,6.0,29.63
OTT02909,Romance,English,49,2018,16.0,6.3,6.8
OTT02910,Sci-Fi,Hindi,87,2026,14.4,6.3,11.17
OTT02911,Crime,Korean,64,2025,13.3,6.4,6.92
OTT02912,Thriller,Telugu,47,2026,22.2,7.9,12.61
OTT02913,Romance,Korean,44,2025,71.8,7.0,18.07
OTT02914,Action,English,67,2021,43.4,7.8,9.65
OTT02915,Drama,Hindi,46,2024,5.2,7.7,10.04
OTT02916,Thriller,English,33,2023,16.5,7.0,6.87
OTT02917,Action,Telugu,66,2024,36.2,5.1,10.72
OTT02918,Drama,Hindi,50,2022,26.3,6.3,15.71
OTT02919,Comedy,English,71,2023,16.4,7.3,10.33
OTT02920,Crime,Hindi,42,2025,26.6,7.7,12.32
OTT02921,Romance,Telugu,54,2022,26.8,7.4,4.97
OTT02922,Action,Malayalam,63,2024,16.7,7.6,10.75
OTT02923,Sci-Fi,English,65,2025,17.8,8.9,14.59
OTT02924,Documentary,Tamil,24,2018,10.5,9.0,10.75
OTT02925,Thriller,Tamil,50,2024,26.2,7.7,21.98
OTT02926,Romance,Telugu,72,2019,6.2,6.6,3.38
OTT02927,Drama,English,74,2020,9.0,6.4,7.14
OTT02928,Sci-Fi,Hindi,43,2024,49.8,7.5,25.71
OTT02929,Thriller,Hindi,68,2019,28.9,5.9,8.64
OTT02930,Crime,Hindi,46,2019,7.5,7.3,7.85
OTT02931,Drama,Spanish,55,2025,20.5,5.9,11.99
OTT02932,Sci-Fi,Telugu,51,2024,25.3,9.4,7.32
OTT02933,Comedy,Hindi,77,2020,6.1,7.1,5.24
OTT02934,Action,English,48,2026,13.0,7.8,16.61
OTT02935,Thriller,Malayalam,20,2023,39.6,8.0,10.93
OTT02936,Drama,English,39,2024,24.8,8.9,15.8
OTT02937,Thriller,Hindi,31,2025,13.5,8.8,10.49
OTT02938,Romance,English,48,2020,19.1,7.1,11.56
OTT02939,Comedy,Hindi,70,2025,20.1,6.0,14.78
OTT02940,Action,Korean,92,2019,28.4,6.8,7.08
OTT02941,Action,Malayalam,75,2025,8.1,8.5,7.43
OTT02942,Crime,Malayalam,29,2021,19.0,7.4,7.79
OTT02943,Drama,Telugu,64,2023,9.8,8.4,14.1
OTT02944,Action,English,76,2023,27.8,6.1,19.9
OTT02945,Comedy,English,45,2025,9.3,7.2,4.42
OTT02946,Drama,Telugu,44,2026,27.5,7.9,11.27
OTT02947,Thriller,Telugu,54,2025,40.7,6.6,14.47
OTT02948,Thriller,Telugu,49,2018,18.6,6.9,5.23
OTT02949,Action,Tamil,64,2025,11.3,6.8,9.84
OTT02950,Comedy,Spanish,63,2025,7.7,5.9,4.87
OTT02951,Action,English,46,2020,7.3,8.1,17.1
OTT02952,Drama,Spanish,66,2022,21.7,8.3,14.39
OTT02953,Comedy,English,48,2021,23.5,7.5,6.48
OTT02954,Romance,English,66,2019,14.1,8.2,17.48
OTT02955,Thriller,Hindi,43,2022,10.9,6.1,6.81
OTT02956,Drama,Malayalam,33,2025,16.2,7.0,4.89
OTT02957,Action,Korean,45,2018,12.9,7.0,10.23
OTT02958,Documentary,Hindi,30,2021,11.0,6.7,7.98
OTT02959,Crime,Telugu,37,2024,8.9,7.0,7.7
OTT02960,Drama,English,61,2025,16.5,8.4,11.09
OTT02961,Drama,English,68,2020,38.7,7.8,10.51
OTT02962,Drama,Hindi,75,2019,7.4,6.3,7.17
OTT02963,Action,Korean,20,2018,7.2,7.8,9.03
OTT02964,Thriller,Hindi,39,2021,7.4,6.9,12.85
OTT02965,Comedy,English,35,2019,8.6,7.3,7.12
OTT02966,Crime,Hindi,51,2026,36.9,8.0,22.05
OTT02967,Romance,Hindi,41,2024,8.4,7.3,8.52
OTT02968,Sci-Fi,Hindi,63,2023,13.1,7.4,10.47
OTT02969,Crime,Korean,46,2018,12.1,7.4,11.35
OTT02970,Drama,English,49,2021,9.3,7.0,10.45
OTT02971,Comedy,English,68,2023,10.1,7.8,8.88
OTT02972,Action,Telugu,60,2025,11.9,8.0,6.04
OTT02973,Crime,English,52,2021,53.7,6.5,13.26
OTT02974,Thriller,Malayalam,43,2021,14.6,8.2,11.17
OTT02975,Romance,Spanish,38,2018,17.1,7.5,4.84
OTT02976,Comedy,Telugu,48,2025,31.8,7.1,9.05
OTT02977,Crime,Tamil,41,2023,6.5,7.4,7.6
OTT02978,Drama,English,37,2023,57.9,6.5,14.06
OTT02979,Drama,Spanish,60,2018,17.7,8.7,6.27
OTT02980,Romance,English,67,2024,31.9,7.4,12.24
OTT02981,Sci-Fi,English,32,2018,17.8,7.8,14.31
OTT02982,Sci-Fi,English,55,2020,21.8,6.6,13.07
OTT02983,Comedy,Spanish,56,2024,38.7,8.2,16.58
OTT02984,Comedy,English,62,2022,8.6,5.7,5.28
OTT02985,Comedy,English,64,2019,22.8,7.6,10.91
OTT02986,Comedy,English,49,2021,12.6,5.6,3.56
OTT02987,Crime,English,53,2022,51.9,7.6,19.22
OTT02988,Documentary,Spanish,59,2021,16.9,7.0,5.61
OTT02989,Drama,Tamil,80,2024,28.8,7.6,13.0
OTT02990,Sci-Fi,Spanish,66,2025,22.8,7.4,10.42
OTT02991,Comedy,English,43,2024,10.8,7.5,14.3
OTT02992,Thriller,Malayalam,42,2020,16.4,7.1,12.84
OTT02993,Thriller,Telugu,43,2023,17.3,6.6,5.7
OTT02994,Drama,Hindi,57,2019,29.6,7.8,12.9
OTT02995,Drama,English,56,2018,10.5,7.0,6.62
OTT02996,Crime,English,33,2020,8.4,7.3,3.61
OTT02997,Thriller,English,55,2022,4.2,7.0,9.3
OTT02998,Comedy,Spanish,57,2024,51.1,5.6,12.01
OTT02999,Romance,English,70,2024,17.8,7.7,9.91
OTT03000,Thriller,Hindi,24,2024,17.8,6.4,6.32
OTT03001,Romance,Tamil,71,2023,22.3,7.9,9.08
OTT03002,Thriller,English,66,2026,26.3,7.5,13.64
OTT03003,Thriller,Hindi,65,2025,16.1,7.4,11.58
OTT03004,Sci-Fi,Korean,55,2019,18.5,8.3,12.66
OTT03005,Drama,Hindi,37,2026,9.8,7.6,6.26
OTT03006,Drama,Telugu,76,2025,19.1,8.5,9.27
OTT03007,Comedy,Spanish,59,2024,37.0,7.2,11.15
OTT03008,Comedy,English,61,2022,14.4,6.8,8.47
OTT03009,Sci-Fi,Korean,52,2018,22.5,7.4,8.12
OTT03010,Thriller,Korean,72,2020,17.7,7.9,10.0
OTT03011,Thriller,Tamil,75,2018,23.3,6.6,8.6
OTT03012,Comedy,Spanish,46,2023,17.4,8.4,14.31
OTT03013,Drama,English,49,2021,25.4,7.7,22.54
OTT03014,Romance,Spanish,68,2019,29.9,7.8,8.46
OTT03015,Drama,Korean,48,2022,36.7,6.7,10.42
OTT03016,Thriller,English,36,2026,14.0,6.5,16.92
OTT03017,Drama,Telugu,54,2025,14.2,7.4,11.86
OTT03018,Thriller,English,61,2023,29.0,6.7,9.3
OTT03019,Thriller,Hindi,48,2021,47.2,7.3,17.86
OTT03020,Crime,Hindi,51,2018,18.9,6.1,9.24
OTT03021,Drama,Malayalam,61,2022,24.2,7.3,12.03
OTT03022,Thriller,Hindi,53,2023,6.8,6.8,9.95
OTT03023,Drama,English,93,2019,51.2,7.8,15.74
OTT03024,Comedy,Tamil,47,2020,16.3,8.0,5.68
OTT03025,Drama,Tamil,53,2020,100.0,7.2,28.69
OTT03026,Documentary,Spanish,74,2025,15.4,6.5,4.72
OTT03027,Drama,English,40,2023,17.5,6.9,10.31
OTT03028,Romance,English,59,2022,43.8,7.7,16.94
OTT03029,Romance,Tamil,53,2023,19.8,7.1,14.78
OTT03030,Romance,Hindi,95,2018,81.4,5.2,14.14
OTT03031,Comedy,Hindi,60,2019,12.3,8.0,5.88
OTT03032,Drama,English,31,2021,10.2,6.8,5.97
OTT03033,Romance,Korean,42,2024,19.3,7.7,16.83
OTT03034,Drama,Tamil,41,2026,20.9,7.5,11.19
OTT03035,Sci-Fi,Telugu,46,2020,7.9,8.2,6.91
OTT03036,Comedy,English,81,2022,16.3,7.5,11.33
OTT03037,Thriller,English,71,2018,29.7,7.0,11.38
OTT03038,Action,Hindi,51,2018,8.5,6.9,5.32
OTT03039,Crime,English,49,2026,8.9,6.3,8.27
OTT03040,Thriller,Spanish,68,2026,56.2,6.5,16.03
OTT03041,Romance,Korean,77,2019,17.2,6.4,6.16
OTT03042,Romance,Hindi,60,2023,9.6,8.4,7.47
OTT03043,Action,Korean,64,2022,11.2,6.5,9.69
OTT03044,Action,English,39,2024,22.7,8.2,15.08
OTT03045,Thriller,Malayalam,76,2025,7.7,6.2,7.19
OTT03046,Thriller,Hindi,51,2022,13.4,6.3,8.39
OTT03047,Thriller,Korean,46,2024,13.3,7.9,15.57
OTT03048,Thriller,Hindi,56,2020,19.3,6.0,6.98
OTT03049,Thriller,Hindi,51,2025,15.3,7.7,9.11
OTT03050,Action,Malayalam,37,2024,33.7,7.6,9.26
OTT03051,Action,English,51,2021,17.5,6.9,9.25
OTT03052,Drama,Hindi,43,2022,7.0,7.8,6.88
OTT03053,Thriller,Telugu,49,2021,34.2,8.3,9.78
OTT03054,Action,Tamil,44,2025,31.6,7.2,15.16
OTT03055,Romance,English,77,2018,19.1,7.3,11.45
OTT03056,Sci-Fi,Spanish,77,2020,11.3,5.7,4.85
OTT03057,Drama,Korean,65,2024,22.8,7.3,14.22
OTT03058,Crime,Hindi,60,2019,24.5,8.9,10.19
OTT03059,Drama,Hindi,54,2021,22.3,7.0,10.12
OTT03060,Comedy,Tamil,68,2018,7.9,6.4,3.37
OTT03061,Comedy,Hindi,44,2018,12.2,7.8,6.68
OTT03062,Drama,English,68,2022,20.5,6.9,6.87
OTT03063,Thriller,English,33,2019,26.5,7.6,15.56
OTT03064,Comedy,Telugu,49,2026,33.4,7.2,12.33
OTT03065,Thriller,Tamil,63,2023,16.7,6.2,6.56
OTT03066,Comedy,Spanish,46,2020,7.9,9.8,12.61
OTT03067,Drama,Hindi,65,2021,29.3,5.8,12.7
OTT03068,Crime,Hindi,65,2021,9.6,7.7,7.1
OTT03069,Action,Spanish,54,2020,15.1,9.5,8.09
OTT03070,Drama,English,62,2025,17.1,8.0,9.92
OTT03071,Romance,Hindi,39,2023,15.3,6.6,6.81
OTT03072,Thriller,Hindi,74,2018,24.7,6.0,6.44
OTT03073,Drama,Korean,53,2019,17.9,7.9,14.04
OTT03074,Sci-Fi,Tamil,65,2026,6.8,7.5,6.17
OTT03075,Comedy,English,31,2019,4.0,7.3,2.12
OTT03076,Drama,Korean,26,2026,9.3,7.8,10.33
OTT03077,Romance,English,53,2021,17.8,6.0,5.92
OTT03078,Action,Tamil,48,2024,7.5,6.1,4.88
OTT03079,Romance,Hindi,55,2019,15.7,7.0,6.59
OTT03080,Crime,Spanish,86,2025,43.7,6.7,23.16
OTT03081,Drama,Telugu,36,2023,54.6,6.2,7.51
OTT03082,Comedy,English,63,2021,26.8,7.8,12.4
OTT03083,Action,English,31,2022,24.0,6.6,14.77
OTT03084,Crime,Malayalam,41,2024,17.6,6.5,6.43
OTT03085,Sci-Fi,Tamil,46,2023,25.0,8.5,9.14
OTT03086,Comedy,Spanish,83,2026,10.5,7.8,7.16
OTT03087,Thriller,Tamil,66,2021,24.0,6.4,12.97
OTT03088,Drama,Hindi,63,2018,24.5,8.1,9.07
OTT03089,Thriller,English,61,2026,35.1,9.4,21.17
OTT03090,Thriller,Telugu,54,2023,31.6,6.1,10.96
OTT03091,Thriller,English,46,2023,12.6,9.5,14.43
OTT03092,Crime,Telugu,25,2026,11.5,6.5,8.82
OTT03093,Crime,Hindi,49,2020,8.1,7.1,3.59
OTT03094,Comedy,Hindi,20,2025,21.2,8.1,5.69
OTT03095,Drama,Spanish,54,2025,32.8,6.7,11.44
OTT03096,Comedy,English,20,2026,9.1,8.1,12.26
OTT03097,Thriller,English,48,2021,26.0,6.2,10.14
OTT03098,Crime,Tamil,33,2026,25.9,6.4,8.9
OTT03099,Action,Spanish,44,2026,54.2,8.7,16.44
OTT03100,Thriller,Telugu,54,2021,6.7,5.7,2.95
OTT03101,Thriller,Tamil,52,2024,7.8,6.7,6.64
OTT03102,Action,Hindi,48,2022,23.5,7.7,18.02
OTT03103,Drama,English,48,2026,8.0,6.3,6.3
OTT03104,Documentary,Telugu,25,2020,9.2,7.9,4.08
OTT03105,Drama,Hindi,48,2026,21.2,7.1,22.57
OTT03106,Drama,Korean,41,2021,36.5,7.3,15.27
OTT03107,Action,Malayalam,72,2021,19.2,7.2,6.7
OTT03108,Drama,Hindi,54,2018,39.5,6.7,9.29
OTT03109,Crime,English,62,2025,20.8,8.0,17.57
OTT03110,Drama,Hindi,68,2021,19.0,7.8,9.09
OTT03111,Crime,Telugu,59,2023,12.4,7.5,8.5
OTT03112,Thriller,English,55,2019,44.4,6.9,13.64
OTT03113,Drama,Hindi,67,2022,8.8,7.1,8.89
OTT03114,Action,English,44,2025,11.8,5.9,8.88
OTT03115,Action,Tamil,60,2022,20.8,5.7,12.4
OTT03116,Thriller,Hindi,40,2018,30.3,7.4,14.45
OTT03117,Documentary,Tamil,46,2020,14.0,7.1,5.28
OTT03118,Drama,Hindi,47,2025,11.6,7.2,10.82
OTT03119,Romance,English,48,2023,12.6,7.0,11.79
OTT03120,Comedy,Hindi,65,2018,12.1,5.5,4.28
OTT03121,Romance,English,31,2025,9.7,6.2,4.3
OTT03122,Comedy,Tamil,59,2021,15.7,6.9,13.64
OTT03123,Crime,Hindi,51,2024,10.6,7.7,12.53
OTT03124,Sci-Fi,Spanish,50,2024,29.9,6.0,8.88
OTT03125,Action,Hindi,58,2026,11.4,6.8,13.47
OTT03126,Romance,Malayalam,80,2025,11.8,6.5,5.37
OTT03127,Thriller,English,77,2020,11.1,7.1,10.1
OTT03128,Action,English,83,2018,11.2,7.1,11.94
OTT03129,Drama,English,39,2020,15.9,6.9,5.0
OTT03130,Documentary,Hindi,48,2026,10.3,8.5,5.77
OTT03131,Action,Malayalam,47,2019,23.4,7.5,5.21
OTT03132,Action,Hindi,21,2020,34.5,7.2,13.49
OTT03133,Action,Hindi,53,2024,28.1,8.4,14.88
OTT03134,Comedy,Hindi,68,2024,21.1,8.8,8.82
OTT03135,Drama,English,22,2018,6.0,6.4,5.19
OTT03136,Romance,English,44,2020,16.5,7.3,9.13
OTT03137,Drama,English,54,2018,16.0,6.5,8.3
OTT03138,Thriller,Hindi,80,2022,19.5,7.9,13.66
OTT03139,Comedy,Tamil,36,2024,10.8,7.5,8.65
OTT03140,Drama,Hindi,74,2020,69.0,5.6,15.28
OTT03141,Crime,Hindi,40,2026,4.3,5.4,4.23
OTT03142,Thriller,Tamil,62,2019,32.5,6.8,12.63
OTT03143,Romance,Tamil,64,2021,16.9,9.1,10.26
OTT03144,Action,Spanish,37,2020,4.0,7.5,6.41
OTT03145,Drama,Malayalam,35,2024,12.2,6.0,4.89
OTT03146,Documentary,Korean,62,2024,8.1,6.9,5.14
OTT03147,Comedy,Tamil,46,2022,27.1,6.6,6.9
OTT03148,Comedy,English,58,2025,31.6,8.3,19.43
OTT03149,Romance,Hindi,41,2025,18.7,7.6,19.48
OTT03150,Romance,Hindi,54,2026,18.3,5.9,5.84
OTT03151,Drama,English,56,2024,30.1,7.4,14.31
OTT03152,Action,Telugu,50,2023,31.0,7.0,14.2
OTT03153,Thriller,English,76,2025,36.5,6.4,17.96
OTT03154,Romance,Tamil,20,2022,9.4,6.8,7.06
OTT03155,Drama,Tamil,40,2022,8.2,6.6,6.83
OTT03156,Crime,English,48,2021,11.0,6.9,10.93
OTT03157,Romance,English,78,2025,13.0,8.5,13.89
OTT03158,Drama,Hindi,36,2022,12.9,5.8,6.79
OTT03159,Drama,Telugu,60,2019,6.4,7.0,8.5
OTT03160,Crime,Hindi,55,2026,31.4,5.7,18.54
OTT03161,Thriller,Korean,65,2021,10.0,7.6,8.45
OTT03162,Thriller,Tamil,64,2020,17.8,7.0,9.86
OTT03163,Comedy,Korean,59,2019,65.8,6.6,32.01
OTT03164,Sci-Fi,Hindi,50,2024,26.1,6.7,8.52
OTT03165,Romance,Spanish,57,2021,8.0,8.1,9.58
OTT03166,Romance,Malayalam,67,2026,7.6,7.2,4.87
OTT03167,Sci-Fi,Hindi,68,2021,31.5,7.7,21.14
OTT03168,Action,Malayalam,44,2023,17.4,8.6,16.73
OTT03169,Thriller,Hindi,58,2021,19.0,6.9,13.62
OTT03170,Sci-Fi,Telugu,41,2024,23.8,8.1,14.73
OTT03171,Drama,English,70,2023,41.7,8.7,13.53
OTT03172,Action,Spanish,28,2026,30.5,7.8,24.78
OTT03173,Drama,English,73,2022,28.7,6.7,6.68
OTT03174,Comedy,Korean,53,2020,51.1,6.9,15.66
OTT03175,Sci-Fi,Hindi,79,2023,15.3,7.1,15.29
OTT03176,Comedy,Hindi,63,2019,13.9,7.0,4.67
OTT03177,Thriller,Hindi,43,2025,14.4,7.9,16.35
OTT03178,Action,Hindi,44,2022,13.0,7.6,10.31
OTT03179,Drama,Hindi,58,2021,23.5,6.3,8.45
OTT03180,Action,English,76,2018,21.9,7.5,9.91
OTT03181,Drama,Korean,49,2022,21.2,8.0,16.5
OTT03182,Comedy,Hindi,32,2026,10.1,7.0,11.95
OTT03183,Sci-Fi,English,41,2021,41.2,6.5,17.81
OTT03184,Romance,Telugu,68,2025,9.4,9.3,9.61
OTT03185,Drama,Malayalam,38,2019,12.3,6.8,4.59
OTT03186,Sci-Fi,English,43,2025,20.6,6.8,12.04
OTT03187,Thriller,English,21,2018,14.5,7.9,4.78
OTT03188,Thriller,Hindi,20,2021,28.9,7.5,8.7
OTT03189,Comedy,Tamil,48,2021,17.8,6.1,8.29
OTT03190,Thriller,Tamil,61,2022,18.1,5.4,4.64
OTT03191,Drama,English,52,2024,10.1,7.0,7.55
OTT03192,Drama,Hindi,50,2026,14.1,7.4,7.55
OTT03193,Romance,English,71,2024,38.3,7.3,14.02
OTT03194,Romance,Korean,46,2018,35.2,6.1,7.16
OTT03195,Drama,Hindi,44,2024,10.0,7.1,10.89
OTT03196,Comedy,Hindi,56,2018,7.0,7.6,6.38
OTT03197,Documentary,English,53,2022,22.3,7.7,9.7
OTT03198,Documentary,English,26,2018,30.4,7.7,6.57
OTT03199,Action,Malayalam,64,2023,25.5,8.6,13.29
OTT03200,Comedy,Telugu,69,2025,8.3,8.1,24.7
OTT03201,Romance,Telugu,65,2020,15.2,7.7,10.11
OTT03202,Sci-Fi,Tamil,25,2025,5.5,8.8,6.41
OTT03203,Comedy,English,40,2023,16.4,7.6,7.84
OTT03204,Comedy,English,37,2022,21.4,6.3,7.01
OTT03205,Action,Tamil,51,2021,15.9,7.4,6.4
OTT03206,Crime,English,75,2023,35.7,7.1,14.59
OTT03207,Action,Hindi,55,2026,21.3,7.7,20.38
OTT03208,Comedy,English,46,2025,16.7,7.0,8.57
OTT03209,Action,Korean,45,2020,17.5,7.2,11.62
OTT03210,Sci-Fi,Telugu,54,2020,28.6,7.7,5.88
OTT03211,Drama,English,46,2025,4.9,7.4,9.4
OTT03212,Documentary,Telugu,48,2024,10.8,6.5,3.7
OTT03213,Comedy,Korean,49,2020,13.3,6.7,6.31
OTT03214,Documentary,Hindi,45,2025,16.8,7.9,12.93
OTT03215,Thriller,Hindi,70,2020,19.3,7.3,10.68
OTT03216,Documentary,Tamil,56,2025,15.2,6.5,5.73
OTT03217,Romance,Tamil,48,2023,17.5,9.4,12.3
OTT03218,Thriller,English,73,2026,14.7,6.7,11.36
OTT03219,Thriller,Hindi,50,2022,20.4,8.8,8.07
OTT03220,Action,Malayalam,73,2019,18.3,8.1,11.34
OTT03221,Drama,English,51,2022,10.9,6.6,4.68
OTT03222,Comedy,English,46,2024,11.1,6.5,7.88
OTT03223,Romance,English,30,2022,62.0,7.4,16.0
OTT03224,Thriller,Hindi,65,2020,30.7,4.3,4.64
OTT03225,Drama,Hindi,53,2020,61.9,6.4,24.71
OTT03226,Drama,English,31,2024,12.0,6.9,10.54
OTT03227,Drama,Malayalam,31,2025,18.5,7.1,5.38
OTT03228,Action,English,41,2026,17.6,6.9,12.87
OTT03229,Action,English,64,2021,12.7,7.9,17.84
OTT03230,Thriller,Tamil,56,2020,15.2,4.8,3.04
OTT03231,Drama,Spanish,54,2026,19.6,7.7,14.42
OTT03232,Drama,Hindi,55,2023,24.4,6.4,9.63
OTT03233,Drama,Telugu,68,2020,6.6,8.6,12.24
OTT03234,Drama,English,40,2022,20.4,7.4,16.13
OTT03235,Comedy,Telugu,66,2022,10.2,8.5,16.59
OTT03236,Thriller,Telugu,26,2022,17.3,6.8,8.27
OTT03237,Comedy,Tamil,20,2026,9.6,7.7,9.35
OTT03238,Documentary,English,88,2019,8.0,7.2,6.61
OTT03239,Sci-Fi,Hindi,63,2021,12.3,7.0,5.71
OTT03240,Drama,Korean,60,2020,35.2,8.7,28.53
OTT03241,Romance,Malayalam,60,2022,20.3,8.5,9.97
OTT03242,Documentary,Tamil,47,2022,13.2,6.5,4.24
OTT03243,Comedy,English,53,2023,12.3,6.7,8.35
OTT03244,Comedy,Tamil,37,2018,10.8,6.9,4.87
OTT03245,Comedy,Telugu,24,2019,12.1,6.2,3.42
OTT03246,Action,Korean,63,2024,26.8,5.6,6.08
OTT03247,Documentary,English,27,2026,26.3,6.9,10.26
OTT03248,Action,English,32,2021,12.7,7.2,9.75
OTT03249,Thriller,English,72,2026,29.0,7.3,9.82
OTT03250,Crime,English,50,2024,23.6,7.0,11.91
OTT03251,Comedy,Tamil,30,2018,39.7,5.6,5.32
OTT03252,Crime,Telugu,68,2018,14.8,8.7,5.45
OTT03253,Thriller,Korean,73,2026,37.4,7.2,20.32
OTT03254,Comedy,Malayalam,46,2021,12.6,7.3,5.13
OTT03255,Sci-Fi,English,60,2019,25.0,6.5,7.46
OTT03256,Action,Hindi,42,2023,48.3,8.0,26.91
OTT03257,Action,Tamil,50,2021,18.1,5.9,9.6
OTT03258,Comedy,Telugu,53,2026,13.9,8.3,6.26
OTT03259,Romance,Tamil,73,2026,13.6,8.0,14.15
OTT03260,Action,Hindi,60,2025,36.6,8.1,18.88
OTT03261,Drama,English,68,2026,12.5,7.6,12.75
OTT03262,Action,Malayalam,29,2018,15.0,8.0,6.6
OTT03263,Documentary,English,35,2022,20.2,8.0,11.74
OTT03264,Crime,Hindi,46,2025,15.8,7.5,7.81
OTT03265,Sci-Fi,Malayalam,61,2025,39.0,6.6,9.38
OTT03266,Romance,Tamil,64,2019,28.0,9.2,10.22
OTT03267,Thriller,Hindi,35,2020,8.9,7.3,9.53
OTT03268,Thriller,Spanish,45,2021,20.1,7.5,16.37
OTT03269,Comedy,Hindi,95,2019,28.4,7.5,12.4
OTT03270,Documentary,Hindi,62,2023,6.1,9.5,17.23
OTT03271,Sci-Fi,Telugu,73,2024,21.8,7.0,6.53
OTT03272,Sci-Fi,English,62,2025,31.8,7.6,11.98
OTT03273,Romance,English,40,2019,6.8,6.7,6.56
OTT03274,Thriller,Hindi,47,2024,15.7,6.3,4.95
OTT03275,Drama,Malayalam,20,2019,20.5,7.1,8.59
OTT03276,Romance,Tamil,59,2020,70.6,6.1,13.45
OTT03277,Comedy,Hindi,24,2021,33.4,8.8,11.96
OTT03278,Thriller,Tamil,73,2020,15.3,5.4,4.84
OTT03279,Drama,Hindi,56,2025,31.4,7.2,13.23
OTT03280,Romance,English,69,2024,22.2,7.2,9.32
OTT03281,Romance,Hindi,80,2019,8.9,7.0,6.81
OTT03282,Crime,English,63,2021,22.7,7.4,12.85
OTT03283,Action,English,87,2024,20.1,6.9,20.3
OTT03284,Comedy,Korean,23,2019,16.9,7.9,5.82
OTT03285,Action,Spanish,65,2019,4.7,6.7,4.18
OTT03286,Action,Telugu,59,2018,9.3,7.1,6.74
OTT03287,Drama,Hindi,42,2020,39.5,8.3,17.4
OTT03288,Thriller,Tamil,62,2023,7.6,8.6,10.42
OTT03289,Thriller,English,72,2025,15.4,7.7,11.22
OTT03290,Romance,Korean,62,2026,20.5,6.4,12.03
OTT03291,Drama,English,58,2022,30.6,8.4,29.5
OTT03292,Action,Telugu,44,2021,24.5,7.4,9.62
OTT03293,Crime,Spanish,55,2026,15.1,6.6,13.1
OTT03294,Drama,Hindi,53,2020,9.6,7.5,8.84
OTT03295,Action,Korean,94,2023,7.6,6.7,11.14
OTT03296,Action,English,39,2023,11.5,6.1,7.33
OTT03297,Romance,Hindi,68,2020,7.0,7.4,7.99
OTT03298,Drama,Tamil,36,2024,7.5,8.0,14.93
OTT03299,Comedy,Korean,50,2022,46.0,6.3,11.01
OTT03300,Sci-Fi,English,66,2018,28.5,6.5,6.65
OTT03301,Drama,Hindi,39,2019,4.7,7.0,6.15
OTT03302,Action,Hindi,82,2022,49.6,6.4,17.89
OTT03303,Sci-Fi,English,55,2021,21.1,8.4,13.8
OTT03304,Documentary,English,75,2020,16.3,7.1,4.04
OTT03305,Drama,Hindi,45,2019,14.8,8.4,11.82
OTT03306,Documentary,Tamil,55,2020,25.8,7.7,3.68
OTT03307,Action,Telugu,38,2023,18.4,6.5,9.04
OTT03308,Comedy,Korean,20,2025,10.0,6.9,5.76
OTT03309,Thriller,Korean,69,2023,34.1,5.1,10.45
OTT03310,Sci-Fi,Korean,30,2023,4.0,8.9,20.96
OTT03311,Thriller,English,61,2019,10.8,7.1,8.35
OTT03312,Drama,Telugu,77,2024,13.6,7.1,8.92
OTT03313,Romance,Hindi,73,2024,15.2,8.3,13.35
OTT03314,Thriller,Tamil,82,2020,7.7,6.6,4.33
OTT03315,Drama,English,47,2021,12.7,6.6,11.3
OTT03316,Comedy,Korean,36,2023,52.2,7.3,19.23
OTT03317,Sci-Fi,Telugu,66,2020,28.8,7.8,10.37
OTT03318,Drama,Hindi,28,2025,21.2,6.8,10.67
OTT03319,Thriller,Hindi,60,2022,10.8,7.9,7.78
OTT03320,Crime,English,45,2019,18.2,7.7,7.07
OTT03321,Comedy,English,64,2018,19.9,7.2,10.29
OTT03322,Comedy,Tamil,58,2018,10.3,7.4,3.64
OTT03323,Sci-Fi,Tamil,40,2021,11.9,7.4,7.87
OTT03324,Romance,English,43,2018,6.9,6.8,4.63
OTT03325,Action,Tamil,48,2023,10.4,5.2,5.42
OTT03326,Documentary,Hindi,51,2023,12.6,8.2,8.81
OTT03327,Documentary,English,55,2019,12.0,6.4,4.92
OTT03328,Drama,English,45,2018,5.3,8.2,6.98
OTT03329,Drama,Hindi,46,2024,21.4,7.3,7.1
OTT03330,Drama,English,66,2024,37.3,7.0,19.17
OTT03331,Romance,Hindi,38,2018,67.7,7.9,20.44
OTT03332,Crime,Telugu,38,2021,7.5,6.1,3.92
OTT03333,Comedy,Tamil,77,2020,17.4,6.9,5.67
OTT03334,Action,Tamil,41,2024,26.8,8.5,20.83
OTT03335,Thriller,English,55,2026,13.0,7.5,13.32
OTT03336,Action,English,54,2022,14.8,8.7,20.66
OTT03337,Romance,Malayalam,35,2021,77.1,7.1,14.04
OTT03338,Action,Korean,58,2026,11.5,9.1,12.83
OTT03339,Comedy,Spanish,72,2023,8.6,8.2,3.3
OTT03340,Comedy,Tamil,54,2022,32.8,7.6,11.17
OTT03341,Sci-Fi,English,43,2025,6.9,6.2,11.23
OTT03342,Crime,Hindi,56,2020,21.1,7.8,8.07
OTT03343,Thriller,Hindi,54,2025,6.4,6.4,8.92
OTT03344,Comedy,Malayalam,49,2021,18.8,7.4,7.23
OTT03345,Romance,English,57,2024,17.7,7.4,8.02
OTT03346,Thriller,Korean,36,2021,21.0,6.3,11.56
OTT03347,Comedy,English,58,2023,8.5,6.9,4.99
OTT03348,Romance,Malayalam,27,2022,9.8,6.3,8.67
OTT03349,Sci-Fi,English,61,2024,21.6,9.0,11.04
OTT03350,Action,Tamil,44,2025,26.2,6.6,12.46
OTT03351,Action,English,52,2018,12.1,7.6,17.42
OTT03352,Action,English,55,2023,13.6,6.0,9.57
OTT03353,Romance,English,78,2023,34.4,5.6,13.49
OTT03354,Drama,English,52,2026,10.4,6.9,13.39
OTT03355,Drama,Korean,66,2021,68.2,6.5,14.19
OTT03356,Sci-Fi,Malayalam,67,2023,24.1,6.0,6.76
OTT03357,Documentary,English,53,2020,38.2,7.2,11.92
OTT03358,Documentary,Hindi,70,2024,14.6,7.5,6.68
OTT03359,Action,Telugu,46,2020,5.7,6.1,4.2
OTT03360,Comedy,Tamil,34,2023,13.9,5.6,5.54
OTT03361,Crime,Hindi,60,2020,14.6,6.8,9.15
OTT03362,Action,Tamil,62,2018,42.1,9.3,24.55
OTT03363,Drama,English,59,2018,21.6,8.5,9.83
OTT03364,Action,Telugu,65,2021,24.9,8.3,6.6
OTT03365,Romance,Malayalam,41,2018,31.7,7.6,7.58
OTT03366,Thriller,Tamil,79,2021,21.2,7.6,13.38
OTT03367,Thriller,English,76,2022,11.1,6.1,5.05
OTT03368,Comedy,English,45,2024,19.4,7.3,11.34
OTT03369,Romance,Hindi,41,2024,26.8,5.6,5.82
OTT03370,Comedy,English,49,2023,32.7,4.7,10.38
OTT03371,Crime,English,75,2021,33.0,7.7,6.84
OTT03372,Crime,Hindi,42,2025,12.4,5.4,5.11
OTT03373,Drama,English,20,2023,7.6,6.9,8.83
OTT03374,Drama,Tamil,53,2021,10.8,8.8,8.49
OTT03375,Drama,Korean,55,2018,7.7,6.8,5.96
OTT03376,Sci-Fi,Korean,57,2025,34.8,9.2,19.98
OTT03377,Sci-Fi,Korean,50,2025,14.6,7.5,7.54
OTT03378,Drama,Tamil,72,2025,15.0,7.3,10.45
OTT03379,Action,Malayalam,49,2024,23.6,7.2,9.67
OTT03380,Drama,Hindi,50,2020,30.7,8.0,19.18
OTT03381,Comedy,Telugu,85,2023,32.5,6.5,10.55
OTT03382,Crime,Tamil,23,2026,19.2,6.7,7.73
OTT03383,Comedy,English,57,2022,5.5,6.5,4.26
OTT03384,Comedy,Telugu,40,2022,13.1,7.1,6.81
OTT03385,Sci-Fi,Hindi,49,2019,28.0,6.7,14.15
OTT03386,Thriller,English,49,2024,32.4,7.6,12.28
OTT03387,Comedy,English,80,2025,7.9,7.2,7.57
OTT03388,Thriller,English,55,2023,25.5,8.0,27.96
OTT03389,Crime,English,48,2025,91.2,6.8,26.76
OTT03390,Comedy,Hindi,47,2024,17.2,6.5,11.81
OTT03391,Romance,Korean,74,2022,15.4,7.3,14.95
OTT03392,Action,Hindi,50,2023,45.5,6.9,18.5
OTT03393,Action,Hindi,42,2025,22.0,8.6,13.42
OTT03394,Drama,English,49,2018,11.1,8.5,4.85
OTT03395,Comedy,Tamil,51,2020,26.7,6.8,10.43
OTT03396,Action,English,64,2020,17.2,7.3,6.04
OTT03397,Comedy,Spanish,66,2023,21.4,7.6,8.5
OTT03398,Drama,English,71,2022,11.9,6.8,5.26
OTT03399,Crime,Tamil,79,2022,13.8,7.3,9.87
OTT03400,Action,English,36,2018,6.4,6.7,6.57
OTT03401,Documentary,English,20,2023,9.3,7.8,7.59
OTT03402,Drama,Malayalam,49,2021,14.2,6.1,5.17
OTT03403,Crime,Telugu,54,2020,31.2,7.6,6.43
OTT03404,Drama,English,29,2026,7.1,6.9,6.08
OTT03405,Crime,English,56,2019,27.8,8.2,19.17
OTT03406,Comedy,Korean,59,2021,15.6,6.9,4.55
OTT03407,Crime,Hindi,48,2026,21.8,6.8,7.79
OTT03408,Romance,Telugu,42,2021,27.2,7.5,10.87
OTT03409,Action,Korean,54,2022,11.1,6.7,10.22
OTT03410,Romance,Malayalam,41,2018,22.0,6.8,7.01
OTT03411,Action,Telugu,65,2023,11.8,8.1,13.7
OTT03412,Romance,English,69,2020,12.3,7.3,5.13
OTT03413,Action,Telugu,48,2024,5.7,8.2,9.97
OTT03414,Romance,English,82,2021,9.6,6.1,5.62
OTT03415,Action,English,22,2019,16.3,8.7,9.21
OTT03416,Drama,Hindi,78,2020,16.5,5.1,7.01
OTT03417,Crime,Spanish,28,2025,11.8,8.7,7.01
OTT03418,Romance,Tamil,45,2025,22.7,6.9,8.84
OTT03419,Crime,Telugu,34,2022,5.8,6.0,6.21
OTT03420,Documentary,Spanish,48,2026,7.1,6.7,4.62
OTT03421,Thriller,Spanish,44,2018,23.8,8.1,13.3
OTT03422,Action,Malayalam,49,2021,11.6,7.7,6.05
OTT03423,Drama,Hindi,32,2019,70.1,8.0,16.18
OTT03424,Romance,Telugu,60,2026,15.3,6.4,7.14
OTT03425,Thriller,Telugu,62,2021,35.9,7.4,7.96
OTT03426,Romance,Hindi,40,2026,14.2,8.0,8.34
OTT03427,Romance,Korean,48,2024,23.0,7.4,11.64
OTT03428,Drama,English,27,2024,8.4,7.0,12.35
OTT03429,Action,English,20,2026,7.3,9.0,9.31
OTT03430,Thriller,Tamil,45,2026,8.9,6.2,7.38
OTT03431,Crime,English,55,2021,33.7,7.6,22.65
OTT03432,Drama,Telugu,43,2019,10.5,7.1,8.91
OTT03433,Drama,Telugu,49,2022,13.4,6.2,3.14
OTT03434,Drama,Malayalam,36,2022,16.3,6.6,7.46
OTT03435,Comedy,English,51,2023,38.6,6.3,14.41
OTT03436,Drama,Hindi,49,2024,25.0,7.5,11.81
OTT03437,Thriller,English,49,2021,10.8,6.8,14.89
OTT03438,Action,English,67,2020,46.3,8.3,19.48
OTT03439,Thriller,Malayalam,60,2020,29.2,5.5,11.4
OTT03440,Documentary,Spanish,24,2018,10.5,7.1,3.22
OTT03441,Romance,Telugu,86,2019,29.9,7.3,9.21
OTT03442,Drama,English,20,2026,9.4,8.9,8.58
OTT03443,Romance,English,60,2019,42.6,7.0,6.67
OTT03444,Crime,English,47,2020,39.9,6.9,17.06
OTT03445,Sci-Fi,Hindi,20,2024,8.4,6.0,5.38
OTT03446,Comedy,Korean,36,2020,26.4,6.4,8.43
OTT03447,Action,Tamil,75,2025,18.1,8.0,13.19
OTT03448,Comedy,Hindi,60,2023,8.7,8.0,14.88
OTT03449,Action,English,46,2025,15.9,7.7,16.77
OTT03450,Documentary,Hindi,76,2019,15.5,7.8,5.15
OTT03451,Drama,English,64,2024,18.0,7.2,11.03
OTT03452,Comedy,English,79,2023,19.1,6.1,5.29
OTT03453,Sci-Fi,Tamil,67,2022,75.1,7.5,19.9
OTT03454,Drama,Telugu,91,2026,24.7,7.9,18.74
OTT03455,Thriller,Korean,62,2024,18.8,4.7,4.87
OTT03456,Crime,Telugu,62,2020,40.6,6.6,13.64
OTT03457,Thriller,Hindi,61,2026,21.0,8.1,8.69
OTT03458,Romance,English,20,2021,12.8,6.9,9.1
OTT03459,Drama,Hindi,73,2022,28.3,6.8,11.64
OTT03460,Action,Hindi,51,2020,42.0,8.8,21.65
OTT03461,Comedy,Tamil,50,2026,9.1,7.1,6.76
OTT03462,Romance,English,42,2021,44.6,8.4,13.19
OTT03463,Action,English,35,2025,7.3,6.5,9.27
OTT03464,Drama,English,54,2025,35.3,6.9,13.92
OTT03465,Romance,English,54,2026,10.4,6.7,8.32
OTT03466,Thriller,Tamil,66,2018,5.6,7.4,5.25
OTT03467,Sci-Fi,English,65,2026,33.8,8.5,28.04
OTT03468,Comedy,Spanish,23,2022,15.2,5.6,6.7
OTT03469,Documentary,Tamil,35,2021,11.3,7.8,10.48
OTT03470,Action,Hindi,38,2018,9.9,5.5,3.87
OTT03471,Comedy,English,57,2026,13.6,4.5,8.25
OTT03472,Thriller,English,63,2023,33.7,7.1,16.01
OTT03473,Drama,Hindi,52,2024,13.4,6.5,8.87
OTT03474,Crime,English,51,2018,16.9,6.5,4.6
OTT03475,Thriller,Spanish,60,2023,12.3,6.1,9.36
OTT03476,Thriller,English,60,2018,8.8,5.9,6.28
OTT03477,Romance,Korean,43,2024,8.9,5.1,3.94
OTT03478,Action,Tamil,33,2023,10.1,6.8,8.35
OTT03479,Thriller,Spanish,56,2022,17.4,6.3,8.64
OTT03480,Crime,Hindi,45,2025,29.4,6.6,8.65
OTT03481,Sci-Fi,Spanish,50,2026,11.5,7.9,7.38
OTT03482,Comedy,English,65,2018,7.0,8.3,6.54
OTT03483,Romance,Hindi,35,2021,22.2,8.0,10.48
OTT03484,Drama,Hindi,69,2026,19.9,7.9,12.77
OTT03485,Drama,English,74,2021,21.2,5.8,9.74
OTT03486,Action,Hindi,65,2022,34.1,6.9,9.41
OTT03487,Thriller,English,53,2018,43.7,8.1,30.17
OTT03488,Romance,Hindi,79,2023,8.0,5.8,4.86
OTT03489,Thriller,Spanish,39,2023,52.8,7.6,18.77
OTT03490,Drama,Tamil,42,2019,20.8,5.1,4.26
OTT03491,Drama,English,58,2024,39.0,7.3,18.02
OTT03492,Drama,Korean,71,2019,18.2,6.7,9.03
OTT03493,Drama,Korean,41,2026,31.4,7.2,7.12
OTT03494,Crime,Malayalam,67,2024,9.2,6.7,6.18
OTT03495,Drama,Korean,28,2018,6.2,8.2,12.97
OTT03496,Comedy,Tamil,34,2026,64.4,6.9,16.08
OTT03497,Action,English,37,2025,16.6,6.8,12.75
OTT03498,Drama,Malayalam,47,2026,9.4,6.0,5.49
OTT03499,Drama,Telugu,59,2018,17.8,7.3,11.19
OTT03500,Drama,Korean,60,2019,42.1,7.1,11.15
OTT03501,Drama,Korean,52,2024,17.3,6.8,5.2
OTT03502,Romance,Tamil,32,2019,25.0,8.6,11.63
OTT03503,Drama,English,60,2024,15.3,7.5,16.81
OTT03504,Documentary,English,75,2022,20.7,6.6,9.04
OTT03505,Comedy,Spanish,63,2025,21.9,8.3,16.64
OTT03506,Documentary,Korean,42,2022,11.9,8.2,6.03
OTT03507,Documentary,Hindi,37,2022,10.9,6.3,4.32
OTT03508,Comedy,Hindi,71,2025,13.8,7.2,11.7
OTT03509,Action,Tamil,58,2025,4.4,6.0,6.86
OTT03510,Drama,English,59,2021,16.1,6.8,5.86
OTT03511,Sci-Fi,Tamil,43,2026,23.2,8.2,9.74
OTT03512,Documentary,Spanish,46,2023,55.0,7.6,13.4
OTT03513,Sci-Fi,English,25,2019,15.9,8.3,9.54
OTT03514,Action,Malayalam,72,2020,30.3,6.5,7.78
OTT03515,Action,English,50,2018,27.1,5.7,7.87
OTT03516,Action,Hindi,33,2023,21.6,5.8,7.01
OTT03517,Comedy,English,80,2023,19.8,7.5,8.35
OTT03518,Romance,Hindi,45,2023,24.4,6.8,9.26
OTT03519,Action,Telugu,59,2023,21.3,8.3,16.92
OTT03520,Comedy,Malayalam,58,2019,18.5,7.1,7.64
OTT03521,Comedy,English,55,2018,16.2,7.2,5.22
OTT03522,Drama,English,43,2020,4.2,6.9,4.44
OTT03523,Action,Spanish,65,2024,29.3,6.0,11.37
OTT03524,Romance,Telugu,40,2024,20.3,6.2,6.22
OTT03525,Action,Telugu,41,2026,28.1,7.7,16.57
OTT03526,Romance,Hindi,49,2019,16.6,8.8,10.87
OTT03527,Comedy,Hindi,39,2025,24.0,7.6,12.95
OTT03528,Action,Hindi,61,2024,26.5,7.2,16.26
OTT03529,Sci-Fi,Spanish,82,2021,20.7,7.8,9.13
OTT03530,Documentary,English,56,2020,60.2,7.2,12.74
OTT03531,Sci-Fi,Telugu,60,2023,10.5,6.4,8.19
OTT03532,Crime,Tamil,74,2024,14.1,7.4,13.1
OTT03533,Drama,English,58,2019,15.8,6.1,5.88
OTT03534,Comedy,Hindi,81,2023,48.1,8.2,21.19
OTT03535,Comedy,Korean,56,2018,46.3,7.5,12.3
OTT03536,Action,English,66,2024,11.8,7.0,10.42
OTT03537,Romance,English,34,2019,11.5,8.8,11.44
OTT03538,Thriller,Hindi,47,2018,21.8,6.6,10.01
OTT03539,Documentary,Telugu,48,2024,9.8,6.7,10.93
OTT03540,Comedy,English,52,2018,18.0,9.2,7.5
OTT03541,Comedy,Telugu,60,2023,41.9,6.9,8.8
OTT03542,Thriller,English,46,2024,53.7,8.3,16.8
OTT03543,Crime,English,52,2018,10.7,6.3,7.14
OTT03544,Romance,Hindi,47,2024,23.0,7.3,13.86
OTT03545,Thriller,Korean,33,2018,12.4,7.7,11.69
OTT03546,Documentary,English,78,2019,17.5,7.8,5.08
OTT03547,Romance,Telugu,75,2021,7.1,9.3,7.5
OTT03548,Romance,Hindi,42,2021,57.1,7.0,17.96
OTT03549,Thriller,Hindi,73,2024,20.7,6.1,9.11
OTT03550,Drama,Hindi,54,2023,22.5,7.7,12.71
OTT03551,Sci-Fi,English,60,2025,30.5,6.6,19.47
OTT03552,Thriller,English,48,2023,13.6,7.3,19.15
OTT03553,Action,Korean,34,2025,18.2,8.5,16.41
OTT03554,Action,Tamil,47,2024,10.9,4.9,4.92
OTT03555,Comedy,Malayalam,46,2025,24.0,6.5,8.59
OTT03556,Drama,English,70,2024,8.7,7.1,11.81
OTT03557,Drama,Spanish,89,2019,28.3,6.8,16.83
OTT03558,Drama,Korean,40,2018,7.0,6.5,3.74
OTT03559,Crime,English,72,2021,22.1,8.8,9.23
OTT03560,Sci-Fi,Spanish,54,2023,39.4,7.2,10.09
OTT03561,Comedy,English,33,2018,15.8,8.5,11.11
OTT03562,Romance,English,63,2020,9.4,8.2,10.31
OTT03563,Comedy,Tamil,59,2024,9.1,8.3,6.92
OTT03564,Crime,Telugu,20,2025,22.0,6.8,5.78
OTT03565,Sci-Fi,Spanish,57,2021,43.4,7.0,12.77
OTT03566,Comedy,English,45,2021,54.7,8.4,23.17
OTT03567,Crime,Korean,89,2023,28.5,7.7,10.32
OTT03568,Romance,Tamil,67,2025,22.2,7.7,13.26
OTT03569,Action,Tamil,26,2018,25.6,8.3,11.04
OTT03570,Comedy,English,68,2020,10.6,7.6,5.14
OTT03571,Thriller,English,86,2020,32.1,7.1,16.96
OTT03572,Drama,English,53,2026,20.3,7.3,12.33
OTT03573,Sci-Fi,English,46,2026,19.4,5.3,9.52
OTT03574,Comedy,Tamil,71,2024,31.2,8.2,13.43
OTT03575,Comedy,Telugu,85,2023,31.5,8.2,9.6
OTT03576,Action,Telugu,74,2023,24.7,8.3,12.82
OTT03577,Documentary,Tamil,45,2025,21.1,7.7,7.25
OTT03578,Comedy,Telugu,49,2022,9.4,7.3,9.49
OTT03579,Drama,Hindi,30,2020,11.0,6.9,9.58
OTT03580,Comedy,English,51,2018,11.7,7.0,6.35
OTT03581,Sci-Fi,English,50,2024,5.9,7.9,5.8
OTT03582,Romance,Malayalam,58,2020,57.0,6.0,9.39
OTT03583,Drama,Korean,77,2024,28.1,7.6,8.89
OTT03584,Romance,Telugu,50,2021,27.7,8.7,10.95
OTT03585,Drama,English,76,2019,18.0,7.7,9.85
OTT03586,Comedy,Tamil,59,2024,24.8,5.8,4.41
OTT03587,Sci-Fi,Hindi,48,2019,13.1,6.1,4.4
OTT03588,Action,English,72,2023,13.1,5.6,8.2
OTT03589,Thriller,Spanish,41,2024,15.4,5.4,5.15
OTT03590,Action,Korean,32,2021,17.3,9.0,11.84
OTT03591,Thriller,Hindi,55,2019,8.1,5.5,3.48
OTT03592,Drama,Tamil,37,2022,20.3,7.3,7.56
OTT03593,Drama,Telugu,67,2025,48.5,6.0,12.35
OTT03594,Drama,Tamil,45,2018,11.6,8.2,6.65
OTT03595,Drama,Hindi,33,2023,15.6,7.4,7.72
OTT03596,Crime,Tamil,59,2021,8.4,6.8,6.87
OTT03597,Documentary,English,46,2022,16.3,7.7,8.85
OTT03598,Drama,Hindi,51,2026,42.7,7.3,10.08
OTT03599,Drama,English,54,2022,29.8,9.3,22.74
OTT03600,Crime,Spanish,65,2020,13.4,8.3,9.43
OTT03601,Crime,Tamil,20,2022,26.6,9.0,15.64
OTT03602,Action,Hindi,61,2025,13.5,8.3,15.33
OTT03603,Drama,Hindi,47,2024,11.4,7.1,10.73
OTT03604,Thriller,Tamil,82,2022,9.0,6.3,7.29
OTT03605,Comedy,English,75,2026,20.2,8.4,11.51
OTT03606,Comedy,Korean,69,2025,13.5,7.7,6.23
OTT03607,Documentary,Tamil,63,2022,18.3,8.3,12.12
OTT03608,Comedy,English,24,2025,25.8,7.1,12.37
OTT03609,Comedy,Telugu,48,2020,18.7,6.2,6.33
OTT03610,Documentary,English,68,2019,20.5,6.6,7.04
OTT03611,Thriller,Korean,67,2025,14.4,8.6,17.8
OTT03612,Action,English,70,2018,10.2,6.4,5.83
OTT03613,Drama,Malayalam,29,2022,41.0,5.8,9.51
OTT03614,Comedy,Tamil,39,2026,26.6,7.4,10.77
OTT03615,Romance,Malayalam,28,2020,13.8,5.9,5.38
OTT03616,Romance,Tamil,20,2025,30.7,7.3,9.38
OTT03617,Sci-Fi,Tamil,67,2019,32.1,6.4,10.75
OTT03618,Comedy,English,57,2018,12.4,6.6,3.99
OTT03619,Comedy,English,36,2019,35.2,7.7,21.88
OTT03620,Action,English,20,2026,19.8,7.4,14.56
OTT03621,Sci-Fi,English,49,2024,10.9,6.7,6.93
OTT03622,Crime,English,40,2023,10.1,6.7,7.18
OTT03623,Romance,Telugu,42,2023,25.9,4.4,5.39
OTT03624,Comedy,Tamil,39,2020,18.6,7.3,7.34
OTT03625,Comedy,Tamil,38,2023,25.3,7.4,5.18
OTT03626,Comedy,English,55,2025,36.3,8.0,10.61
OTT03627,Drama,English,56,2018,24.2,7.0,8.68
OTT03628,Thriller,Hindi,47,2020,4.8,8.3,17.45
OTT03629,Documentary,English,55,2024,4.8,7.7,6.35
OTT03630,Drama,English,49,2023,15.7,7.7,11.85
OTT03631,Action,English,68,2024,10.6,7.4,15.39
OTT03632,Crime,Tamil,78,2023,33.9,4.4,9.22
OTT03633,Drama,Telugu,68,2022,19.9,7.6,9.29
OTT03634,Thriller,Hindi,54,2018,8.6,6.1,4.63
OTT03635,Drama,English,84,2020,15.3,8.3,12.02
OTT03636,Romance,Tamil,59,2020,12.8,9.7,11.29
OTT03637,Thriller,Spanish,48,2018,16.5,7.5,10.27
OTT03638,Sci-Fi,Hindi,59,2024,10.9,8.0,8.27
OTT03639,Thriller,Hindi,57,2024,11.5,7.7,11.65
OTT03640,Action,Telugu,33,2024,40.3,7.5,19.85
OTT03641,Drama,English,51,2019,38.9,6.7,17.09
OTT03642,Action,Hindi,38,2022,17.6,6.4,6.72
OTT03643,Drama,English,28,2019,11.5,7.8,8.26
OTT03644,Action,Tamil,24,2025,12.6,8.0,5.82
OTT03645,Documentary,English,45,2021,8.8,7.0,2.9
OTT03646,Comedy,Hindi,39,2019,11.5,7.0,6.06
OTT03647,Sci-Fi,Hindi,56,2024,7.5,7.1,9.14
OTT03648,Action,Tamil,46,2026,21.1,6.4,11.76
OTT03649,Comedy,Hindi,68,2022,10.4,7.2,9.65
OTT03650,Documentary,Hindi,59,2021,27.9,5.4,8.07
OTT03651,Drama,Hindi,21,2023,19.1,6.5,6.58
OTT03652,Documentary,Malayalam,33,2020,24.1,6.3,5.74
OTT03653,Comedy,Hindi,39,2021,15.0,9.4,13.74
OTT03654,Romance,Telugu,74,2026,14.8,7.6,16.12
OTT03655,Crime,English,56,2019,21.5,7.3,8.26
OTT03656,Action,Malayalam,42,2025,100.0,8.6,15.83
OTT03657,Action,English,61,2020,14.1,9.0,11.3
OTT03658,Drama,Spanish,73,2018,45.6,7.6,11.2
OTT03659,Documentary,Telugu,76,2024,30.4,6.4,9.13
OTT03660,Crime,Hindi,30,2019,18.6,5.4,3.12
OTT03661,Comedy,Hindi,45,2026,36.7,6.4,14.72
OTT03662,Thriller,English,60,2018,20.0,7.0,8.85
OTT03663,Drama,Malayalam,30,2025,19.3,9.3,14.5
OTT03664,Thriller,Tamil,27,2023,10.6,6.8,4.72
OTT03665,Thriller,Telugu,58,2018,9.3,5.7,3.24
OTT03666,Comedy,English,49,2021,4.3,7.1,6.21
OTT03667,Crime,Tamil,47,2023,34.6,6.1,9.04
OTT03668,Comedy,Korean,30,2026,8.2,5.4,5.12
OTT03669,Romance,English,43,2023,28.2,7.2,12.42
OTT03670,Documentary,Spanish,38,2025,17.9,6.9,5.3
OTT03671,Comedy,Hindi,51,2019,18.7,7.0,11.65
OTT03672,Documentary,Spanish,50,2026,17.6,8.7,16.61
OTT03673,Comedy,Korean,41,2018,62.5,7.5,16.7
OTT03674,Romance,Korean,38,2025,31.9,6.9,9.36
OTT03675,Crime,English,38,2023,34.9,6.9,11.73
OTT03676,Romance,Hindi,67,2018,13.3,7.7,14.59
OTT03677,Thriller,Telugu,58,2018,20.6,6.9,6.25
OTT03678,Drama,Telugu,32,2020,12.7,7.2,5.74
OTT03679,Thriller,English,35,2024,13.6,6.3,11.35
OTT03680,Drama,Hindi,71,2026,11.3,6.2,11.16
OTT03681,Thriller,Telugu,54,2026,9.4,6.9,7.04
OTT03682,Crime,Tamil,57,2024,23.6,5.9,5.29
OTT03683,Thriller,Korean,42,2018,8.0,6.9,9.47
OTT03684,Sci-Fi,Korean,77,2024,16.9,7.7,11.54
OTT03685,Comedy,Telugu,67,2019,6.2,6.1,2.61
OTT03686,Crime,Korean,35,2023,4.5,6.5,5.62
OTT03687,Comedy,Tamil,48,2020,16.6,6.6,5.78
OTT03688,Action,English,47,2022,33.6,6.2,9.85
OTT03689,Documentary,Korean,28,2023,23.1,8.0,12.05
OTT03690,Thriller,English,42,2023,9.1,7.2,7.77
OTT03691,Thriller,English,54,2021,12.6,7.4,8.67
OTT03692,Sci-Fi,Tamil,72,2024,29.9,7.4,11.67
OTT03693,Drama,Telugu,73,2021,11.3,5.6,7.27
OTT03694,Thriller,Korean,68,2019,43.3,7.4,17.06
OTT03695,Action,Spanish,32,2022,4.6,6.4,5.52
OTT03696,Romance,Hindi,44,2024,22.2,6.9,11.51
OTT03697,Action,Tamil,71,2018,10.2,8.6,10.26
OTT03698,Thriller,Telugu,43,2020,14.2,7.9,16.83
OTT03699,Comedy,English,44,2019,6.7,7.1,7.7
OTT03700,Thriller,Hindi,56,2018,7.2,8.1,4.28
OTT03701,Thriller,Hindi,54,2024,17.4,7.0,9.62
OTT03702,Crime,Malayalam,75,2018,22.9,6.9,6.1
OTT03703,Comedy,Telugu,44,2024,4.1,7.8,9.08
OTT03704,Documentary,English,50,2025,16.8,7.2,6.11
OTT03705,Comedy,Hindi,57,2019,25.9,9.7,20.96
OTT03706,Thriller,Spanish,36,2021,10.4,6.8,6.82
OTT03707,Drama,English,32,2019,26.2,7.1,6.54
OTT03708,Thriller,Spanish,65,2023,25.8,6.0,9.92
OTT03709,Romance,Korean,27,2022,44.3,7.8,8.09
OTT03710,Crime,Spanish,80,2020,13.3,8.3,10.61
OTT03711,Comedy,Tamil,66,2023,29.9,5.6,10.24
OTT03712,Romance,Tamil,78,2024,35.1,5.4,7.13
OTT03713,Comedy,Spanish,64,2021,26.8,7.0,7.5
OTT03714,Sci-Fi,English,63,2025,5.9,6.6,6.86
OTT03715,Sci-Fi,Hindi,63,2022,9.4,7.5,8.39
OTT03716,Comedy,English,71,2024,17.1,6.8,6.83
OTT03717,Documentary,English,75,2023,12.5,7.6,8.51
OTT03718,Thriller,Korean,64,2025,15.5,9.6,15.15
OTT03719,Comedy,English,59,2021,20.2,7.1,9.26
OTT03720,Thriller,Tamil,50,2024,21.2,8.1,13.39
OTT03721,Comedy,Hindi,39,2021,42.8,8.1,16.54
OTT03722,Thriller,Spanish,46,2023,16.2,6.9,5.71
OTT03723,Sci-Fi,English,39,2020,33.5,7.7,10.82
OTT03724,Thriller,Hindi,53,2026,22.5,4.5,9.13
OTT03725,Comedy,English,53,2025,20.7,6.4,13.31
OTT03726,Action,Tamil,61,2019,8.1,8.0,10.01
OTT03727,Sci-Fi,English,57,2019,10.1,6.6,3.88
OTT03728,Romance,Hindi,35,2022,39.0,7.4,16.15
OTT03729,Comedy,Hindi,54,2019,19.2,6.8,8.78
OTT03730,Crime,Telugu,43,2026,16.5,7.5,6.13
OTT03731,Action,Korean,47,2019,30.3,7.5,16.49
OTT03732,Action,English,82,2026,14.2,6.9,17.25
OTT03733,Romance,Spanish,61,2018,15.2,6.4,2.71
OTT03734,Action,Telugu,32,2025,27.4,6.5,8.77
OTT03735,Documentary,English,46,2019,13.6,5.8,5.66
OTT03736,Comedy,English,56,2020,18.8,6.9,7.48
OTT03737,Comedy,Telugu,25,2026,24.7,7.3,8.56
OTT03738,Crime,Telugu,54,2021,13.3,7.5,5.72
OTT03739,Comedy,Tamil,22,2018,11.4,8.6,6.95
OTT03740,Comedy,Korean,24,2024,11.8,7.1,5.92
OTT03741,Crime,Telugu,30,2025,19.4,7.4,5.47
OTT03742,Thriller,English,39,2021,17.2,9.0,21.65
OTT03743,Crime,Tamil,61,2024,14.9,7.0,10.29
OTT03744,Drama,English,20,2022,17.6,7.4,10.64
OTT03745,Action,Hindi,53,2026,11.7,6.7,6.79
OTT03746,Drama,Malayalam,39,2022,7.4,8.6,8.07
OTT03747,Thriller,English,41,2019,23.1,5.4,7.85
OTT03748,Action,Korean,50,2019,7.9,9.0,8.74
OTT03749,Action,Tamil,69,2025,23.4,8.7,17.43
OTT03750,Crime,Hindi,25,2025,11.8,7.2,7.68
OTT03751,Romance,Telugu,30,2019,32.4,7.1,5.92
OTT03752,Thriller,English,51,2018,18.1,5.9,3.24
OTT03753,Thriller,Tamil,45,2023,25.5,9.4,14.38
OTT03754,Crime,Spanish,67,2018,7.0,5.5,2.96
OTT03755,Drama,Telugu,35,2020,30.7,6.3,7.81
OTT03756,Action,Tamil,20,2024,34.5,7.3,12.67
OTT03757,Comedy,Hindi,57,2024,19.2,7.1,15.19
OTT03758,Sci-Fi,English,21,2018,15.6,6.8,9.33
OTT03759,Crime,Korean,51,2021,11.4,7.4,12.19
OTT03760,Crime,Spanish,52,2021,11.2,6.4,4.08
OTT03761,Drama,Korean,80,2023,12.9,6.0,5.02
OTT03762,Comedy,Hindi,47,2022,24.9,6.9,8.19
OTT03763,Comedy,English,68,2018,6.8,6.9,6.44
OTT03764,Sci-Fi,English,37,2019,6.8,7.5,12.38
OTT03765,Comedy,Hindi,73,2019,33.9,6.7,12.22
OTT03766,Drama,Hindi,60,2020,11.6,6.6,7.46
OTT03767,Drama,Korean,51,2024,4.2,6.3,5.05
OTT03768,Action,English,47,2020,34.5,6.2,7.72
OTT03769,Romance,Korean,20,2019,9.3,7.2,18.05
OTT03770,Drama,English,52,2022,22.4,7.5,14.3
OTT03771,Crime,Tamil,58,2026,9.6,6.7,12.08
OTT03772,Crime,Telugu,32,2025,35.6,6.1,10.41
OTT03773,Drama,Hindi,52,2022,13.7,6.9,4.45
OTT03774,Romance,Tamil,48,2019,50.1,7.2,13.4
OTT03775,Crime,Hindi,55,2022,18.7,7.3,5.74
OTT03776,Romance,English,50,2023,7.1,7.1,6.89
OTT03777,Sci-Fi,Spanish,63,2024,34.4,8.3,12.5
OTT03778,Sci-Fi,Hindi,65,2021,19.7,5.8,10.78
OTT03779,Crime,English,54,2023,5.3,5.7,5.59
OTT03780,Drama,Malayalam,45,2024,7.8,6.1,4.59
OTT03781,Romance,Spanish,76,2026,66.7,7.2,15.2
OTT03782,Comedy,English,45,2026,23.4,7.6,12.35
OTT03783,Documentary,Spanish,61,2020,47.1,8.0,14.57
OTT03784,Drama,Korean,60,2020,26.0,7.5,13.57
OTT03785,Comedy,Hindi,54,2020,18.1,6.5,6.76
OTT03786,Comedy,English,40,2021,23.6,8.6,11.25
OTT03787,Crime,Tamil,45,2026,41.1,7.0,13.15
OTT03788,Thriller,Korean,28,2024,40.9,8.4,35.44
OTT03789,Romance,English,59,2021,25.0,5.2,4.46
OTT03790,Action,English,57,2022,18.9,8.7,18.72
OTT03791,Drama,English,43,2025,8.7,8.2,14.78
OTT03792,Crime,English,65,2019,13.8,5.9,3.31
OTT03793,Action,Korean,20,2021,31.0,8.5,24.35
OTT03794,Action,Hindi,53,2025,11.6,7.7,9.22
OTT03795,Documentary,English,52,2020,16.7,6.6,7.85
OTT03796,Action,Hindi,66,2024,56.6,6.8,11.82
OTT03797,Comedy,Spanish,74,2018,8.0,8.0,10.44
OTT03798,Romance,English,59,2018,54.5,5.7,13.49
OTT03799,Action,Tamil,60,2019,5.3,8.3,13.52
OTT03800,Comedy,Korean,43,2021,13.9,7.0,8.11
OTT03801,Crime,Tamil,53,2026,34.1,8.4,11.95
OTT03802,Sci-Fi,English,38,2022,14.0,7.5,12.79
OTT03803,Documentary,Hindi,32,2026,19.2,6.9,5.54
OTT03804,Comedy,English,41,2025,51.8,7.0,11.18
OTT03805,Drama,Hindi,52,2018,15.3,8.3,11.78
OTT03806,Drama,English,60,2022,50.3,8.1,17.4
OTT03807,Action,Tamil,32,2024,11.5,7.0,12.29
OTT03808,Action,English,35,2026,9.3,7.1,7.12
OTT03809,Drama,Tamil,56,2021,17.4,7.1,10.67
OTT03810,Thriller,English,47,2023,21.9,7.8,13.26
OTT03811,Documentary,Hindi,43,2023,35.9,9.1,19.54
OTT03812,Drama,Hindi,58,2024,8.0,7.5,11.21
OTT03813,Drama,English,57,2021,13.5,6.8,9.17
OTT03814,Comedy,English,40,2025,20.5,7.9,10.13
OTT03815,Comedy,English,42,2018,14.9,8.5,11.55
OTT03816,Action,Tamil,38,2026,27.1,5.8,12.31
OTT03817,Drama,Tamil,73,2019,10.4,8.0,10.06
OTT03818,Comedy,English,52,2021,15.7,6.4,8.45
OTT03819,Drama,Spanish,47,2019,13.0,8.1,9.99
OTT03820,Crime,Telugu,44,2026,79.6,7.6,18.61
OTT03821,Drama,Spanish,55,2018,30.4,7.1,14.75
OTT03822,Drama,Tamil,65,2019,20.8,6.0,6.39
OTT03823,Thriller,English,20,2018,22.9,7.0,6.42
OTT03824,Crime,Hindi,67,2019,16.7,6.5,7.62
OTT03825,Comedy,English,34,2020,11.1,4.9,4.23
OTT03826,Drama,English,71,2018,7.8,7.3,7.36
OTT03827,Romance,English,63,2022,41.1,6.7,19.13
OTT03828,Action,Tamil,81,2025,32.5,7.0,11.66
OTT03829,Comedy,Korean,101,2026,20.5,8.4,9.43
OTT03830,Comedy,Tamil,42,2025,17.1,6.7,4.24
OTT03831,Sci-Fi,Korean,51,2023,25.5,6.6,11.83
OTT03832,Sci-Fi,English,28,2019,22.4,7.3,11.36
OTT03833,Comedy,English,41,2019,12.0,7.9,11.83
OTT03834,Romance,Spanish,49,2026,13.1,8.2,12.03
OTT03835,Action,English,52,2025,29.7,8.2,11.79
OTT03836,Documentary,Spanish,39,2019,8.5,6.4,3.44
OTT03837,Crime,Tamil,33,2025,11.6,7.6,22.94
OTT03838,Action,English,78,2019,10.7,7.1,9.07
OTT03839,Thriller,Hindi,46,2019,29.3,7.8,12.78
OTT03840,Drama,English,43,2022,17.8,6.7,7.88
OTT03841,Comedy,English,51,2020,21.3,6.2,6.04
OTT03842,Comedy,English,52,2023,16.1,7.5,5.21
OTT03843,Drama,Tamil,43,2025,14.4,6.2,9.29
OTT03844,Romance,Hindi,55,2019,26.1,5.8,6.51
OTT03845,Action,Hindi,49,2020,10.4,7.5,9.21
OTT03846,Documentary,English,72,2022,6.4,7.6,4.8
OTT03847,Thriller,Malayalam,58,2025,10.9,8.8,12.35
OTT03848,Comedy,English,33,2023,6.8,7.5,9.18
OTT03849,Drama,Hindi,75,2025,10.6,6.2,8.69
OTT03850,Drama,Tamil,30,2018,16.1,6.6,5.61
OTT03851,Romance,Tamil,46,2026,30.4,7.8,10.37
OTT03852,Comedy,Spanish,72,2024,15.1,8.1,13.99
OTT03853,Action,Telugu,44,2022,9.3,6.6,8.66
OTT03854,Action,Hindi,61,2022,10.5,6.3,13.18
OTT03855,Romance,Hindi,65,2023,16.1,7.0,13.91
OTT03856,Action,English,50,2021,7.8,7.0,8.93
OTT03857,Documentary,Tamil,37,2019,26.1,8.6,8.63
OTT03858,Comedy,Hindi,67,2025,22.8,5.3,10.8
OTT03859,Comedy,English,59,2022,15.8,6.8,4.36
OTT03860,Thriller,English,77,2022,16.3,9.3,21.53
OTT03861,Thriller,Spanish,42,2023,14.3,6.5,9.32
OTT03862,Drama,Tamil,82,2021,13.6,6.4,7.22
OTT03863,Action,Korean,39,2019,14.5,7.4,7.38
OTT03864,Drama,Tamil,51,2024,56.6,7.8,38.38
OTT03865,Drama,Malayalam,65,2022,13.1,6.7,3.83
OTT03866,Crime,Hindi,86,2022,17.6,7.6,15.23
OTT03867,Comedy,Tamil,83,2026,30.3,8.2,10.37
OTT03868,Comedy,English,70,2026,12.9,9.6,14.6
OTT03869,Sci-Fi,English,46,2025,11.6,5.7,8.87
OTT03870,Sci-Fi,English,55,2020,37.0,6.6,13.24
OTT03871,Comedy,Hindi,30,2018,26.4,8.0,6.97
OTT03872,Sci-Fi,Tamil,35,2019,13.0,7.2,6.01
OTT03873,Drama,Telugu,55,2023,27.9,7.4,13.33
OTT03874,Drama,Korean,54,2018,7.3,6.9,7.83
OTT03875,Action,English,53,2018,19.2,7.2,7.05
OTT03876,Drama,Tamil,58,2023,46.1,6.2,13.16
OTT03877,Action,Telugu,62,2021,38.3,7.4,12.75
OTT03878,Documentary,English,54,2026,18.8,7.4,14.75
OTT03879,Romance,Hindi,61,2018,4.9,6.9,4.95
OTT03880,Comedy,Hindi,52,2024,42.0,7.1,11.31
OTT03881,Comedy,Hindi,33,2020,10.2,5.9,4.36
OTT03882,Thriller,Telugu,45,2018,23.3,7.9,12.56
OTT03883,Thriller,English,54,2022,12.3,8.0,9.58
OTT03884,Drama,English,28,2020,7.8,6.9,5.35
OTT03885,Action,Tamil,61,2022,21.7,6.0,8.82
OTT03886,Crime,English,38,2020,28.6,6.3,9.59
OTT03887,Comedy,Telugu,59,2020,15.6,6.7,6.01
OTT03888,Comedy,Hindi,55,2018,21.2,5.7,5.85
OTT03889,Thriller,English,25,2019,23.7,5.8,8.49
OTT03890,Crime,English,60,2024,10.6,7.6,12.48
OTT03891,Action,Korean,53,2019,13.1,8.3,7.29
OTT03892,Comedy,Malayalam,47,2026,13.5,5.7,6.66
OTT03893,Comedy,English,29,2024,7.7,6.9,7.46
OTT03894,Thriller,Korean,35,2021,11.5,7.0,9.04
OTT03895,Thriller,English,34,2026,10.9,7.5,8.42
OTT03896,Thriller,Hindi,48,2026,9.7,7.5,15.26
OTT03897,Thriller,English,31,2019,11.7,6.4,8.46
OTT03898,Romance,Hindi,54,2019,71.8,5.8,12.04
OTT03899,Comedy,Malayalam,27,2019,6.4,6.2,1.34
OTT03900,Action,English,53,2021,21.5,7.0,15.1
OTT03901,Comedy,Hindi,59,2021,16.7,8.0,8.2
OTT03902,Action,Tamil,48,2021,12.5,7.1,6.81
OTT03903,Crime,English,51,2024,13.9,7.3,10.0
OTT03904,Comedy,English,27,2023,22.9,7.6,13.32
OTT03905,Comedy,English,44,2020,16.1,6.4,4.52
OTT03906,Drama,Telugu,64,2019,10.9,8.2,11.49
OTT03907,Drama,Korean,66,2025,37.9,6.7,8.53
OTT03908,Documentary,Telugu,20,2018,29.1,6.2,5.04
OTT03909,Comedy,Spanish,36,2021,9.9,6.1,5.93
OTT03910,Thriller,English,50,2022,23.8,6.4,5.9
OTT03911,Romance,Tamil,97,2023,23.2,6.7,6.5
OTT03912,Romance,Telugu,38,2020,13.0,7.6,7.74
OTT03913,Drama,Hindi,39,2021,9.2,7.0,5.33
OTT03914,Drama,English,27,2025,19.9,8.3,13.26
OTT03915,Documentary,Hindi,38,2020,13.8,7.6,8.19
OTT03916,Comedy,Spanish,37,2022,20.6,8.2,12.61
OTT03917,Documentary,Hindi,74,2025,11.5,6.9,7.96
OTT03918,Crime,Telugu,46,2022,42.4,5.5,12.38
OTT03919,Action,Hindi,47,2022,55.5,6.6,16.36
OTT03920,Sci-Fi,Hindi,69,2019,30.8,7.4,13.47
OTT03921,Drama,English,56,2025,22.4,8.9,14.9
OTT03922,Drama,Tamil,57,2021,10.4,7.8,12.15
OTT03923,Comedy,Korean,47,2023,54.1,7.6,11.36
OTT03924,Drama,English,29,2020,10.3,7.7,10.8
OTT03925,Thriller,Hindi,70,2020,9.5,7.3,10.28
OTT03926,Drama,Hindi,52,2018,27.3,6.7,6.11
OTT03927,Comedy,Telugu,77,2020,5.0,9.0,7.68
OTT03928,Action,Hindi,69,2023,26.9,7.4,13.79
OTT03929,Comedy,English,75,2018,9.8,8.0,8.64
OTT03930,Crime,Korean,83,2024,35.8,7.5,14.55
OTT03931,Action,Korean,50,2026,35.6,7.7,17.95
OTT03932,Drama,English,69,2019,8.3,6.6,6.54
OTT03933,Documentary,Telugu,65,2024,30.7,7.5,7.56
OTT03934,Drama,Telugu,57,2023,41.4,7.3,13.19
OTT03935,Action,Hindi,85,2021,80.2,7.3,21.33
OTT03936,Crime,Telugu,75,2019,47.6,8.2,22.39
OTT03937,Comedy,Telugu,32,2023,12.6,6.9,8.14
OTT03938,Comedy,English,52,2019,24.5,6.6,12.61
OTT03939,Thriller,Telugu,47,2026,19.8,5.6,4.11
OTT03940,Sci-Fi,Tamil,73,2026,53.5,5.0,23.53
OTT03941,Romance,Spanish,65,2020,11.6,8.0,5.89
OTT03942,Drama,Telugu,64,2018,45.4,6.5,15.14
OTT03943,Sci-Fi,English,65,2023,11.5,8.8,7.05
OTT03944,Crime,Tamil,42,2026,35.1,6.2,5.71
OTT03945,Action,English,78,2026,34.0,6.3,13.92
OTT03946,Sci-Fi,English,44,2022,24.4,6.1,14.42
OTT03947,Sci-Fi,Tamil,58,2026,9.3,6.3,10.65
OTT03948,Drama,Hindi,73,2021,34.7,5.9,13.77
OTT03949,Romance,Telugu,68,2026,7.8,6.5,10.69
OTT03950,Sci-Fi,Spanish,30,2020,10.4,9.5,10.59
OTT03951,Romance,Malayalam,81,2019,17.2,6.9,4.14
OTT03952,Drama,Tamil,65,2025,30.7,6.8,8.57
OTT03953,Documentary,Tamil,58,2021,23.1,7.7,7.45
OTT03954,Action,Hindi,63,2025,10.6,7.0,19.88
OTT03955,Thriller,English,53,2026,67.9,8.5,17.85
OTT03956,Drama,Korean,76,2024,32.1,8.0,13.51
OTT03957,Romance,Korean,23,2025,46.1,7.7,11.83
OTT03958,Crime,English,20,2019,41.9,6.3,8.96
OTT03959,Drama,Spanish,55,2020,12.4,5.5,6.49
OTT03960,Action,Spanish,31,2023,48.5,7.0,12.81
OTT03961,Romance,Hindi,47,2025,58.3,5.9,13.68
OTT03962,Drama,Korean,68,2018,4.4,5.2,1.59
OTT03963,Action,Hindi,82,2022,19.6,8.9,13.96
OTT03964,Action,Tamil,64,2024,40.7,6.1,14.33
OTT03965,Sci-Fi,Spanish,45,2023,19.5,7.7,14.3
OTT03966,Action,English,46,2022,58.3,7.6,12.16
OTT03967,Romance,Hindi,31,2023,9.9,7.9,8.09
OTT03968,Comedy,English,55,2021,12.0,6.1,8.92
OTT03969,Drama,English,49,2025,11.9,8.0,13.96
OTT03970,Crime,Spanish,51,2024,12.6,6.8,5.95
OTT03971,Documentary,Spanish,67,2019,31.7,7.4,7.43
OTT03972,Comedy,English,71,2025,18.1,7.9,12.11
OTT03973,Thriller,English,67,2026,12.8,9.6,12.86
OTT03974,Drama,English,48,2020,22.9,5.6,8.64
OTT03975,Sci-Fi,Hindi,51,2022,9.3,7.8,8.05
OTT03976,Sci-Fi,English,57,2024,46.7,5.0,15.41
OTT03977,Crime,Tamil,54,2021,5.7,7.8,4.46
OTT03978,Action,Telugu,60,2020,4.2,6.0,4.13
OTT03979,Action,Hindi,43,2024,27.9,6.3,19.15
OTT03980,Action,Hindi,52,2024,17.0,7.5,15.24
OTT03981,Sci-Fi,Hindi,53,2026,17.0,6.2,10.8
OTT03982,Romance,Tamil,22,2022,15.7,8.2,12.89
OTT03983,Romance,English,42,2025,21.5,7.4,9.54
OTT03984,Documentary,Hindi,35,2020,9.2,6.5,2.82
OTT03985,Drama,Hindi,69,2019,28.7,7.5,9.68
OTT03986,Thriller,English,44,2018,8.4,7.2,6.47
OTT03987,Action,English,48,2024,35.7,8.0,19.1
OTT03988,Crime,Korean,37,2021,25.8,6.8,12.83
OTT03989,Drama,Spanish,55,2024,15.2,8.4,12.43
OTT03990,Drama,Tamil,58,2025,46.9,7.6,13.29
OTT03991,Thriller,Korean,36,2021,15.6,6.6,5.46
OTT03992,Romance,Tamil,57,2023,51.8,7.8,29.48
OTT03993,Action,Spanish,64,2024,7.1,7.9,11.07
OTT03994,Thriller,Hindi,39,2018,25.4,6.4,18.32
OTT03995,Comedy,Korean,29,2021,7.0,6.7,5.64
OTT03996,Comedy,English,54,2020,21.5,8.7,11.94
OTT03997,Sci-Fi,English,31,2019,22.3,7.4,11.48
OTT03998,Documentary,English,58,2026,32.3,8.0,12.38
OTT03999,Action,English,66,2024,8.0,6.6,11.11
OTT04000,Comedy,English,63,2022,5.9,6.0,9.42
OTT04001,Comedy,Hindi,38,2023,13.6,7.2,10.72
OTT04002,Comedy,English,46,2024,31.7,7.3,19.47
OTT04003,Romance,Tamil,57,2023,18.1,6.0,9.55
OTT04004,Drama,Hindi,38,2026,50.7,7.1,18.91
OTT04005,Crime,English,55,2026,16.8,7.9,16.02
OTT04006,Documentary,English,51,2020,54.3,7.0,13.9
OTT04007,Romance,Tamil,42,2023,27.9,6.5,12.12
OTT04008,Comedy,Hindi,69,2022,12.9,7.5,12.12
OTT04009,Crime,Malayalam,47,2023,24.9,6.8,8.18
OTT04010,Romance,Hindi,52,2024,25.8,6.0,6.87
OTT04011,Thriller,English,60,2025,28.9,6.7,30.45
OTT04012,Romance,English,73,2019,20.6,9.1,10.16
OTT04013,Action,Tamil,55,2023,8.4,7.0,10.39
OTT04014,Comedy,English,72,2020,27.4,7.9,10.08
OTT04015,Comedy,Tamil,41,2026,11.1,7.3,10.77
OTT04016,Sci-Fi,Hindi,67,2026,10.1,6.5,13.54
OTT04017,Crime,Hindi,47,2026,25.7,7.4,22.73
OTT04018,Sci-Fi,English,44,2023,9.8,6.3,12.22
OTT04019,Thriller,Tamil,63,2024,22.8,6.6,7.91
OTT04020,Romance,English,64,2020,18.7,8.2,20.84
OTT04021,Action,Telugu,45,2021,16.2,7.2,8.76
OTT04022,Action,Korean,32,2022,8.0,6.2,6.61
OTT04023,Action,English,77,2024,11.0,7.1,8.95
OTT04024,Comedy,Hindi,73,2018,19.4,6.8,9.66
OTT04025,Crime,English,52,2020,13.8,6.2,10.89
OTT04026,Drama,Tamil,56,2026,9.1,7.4,10.28
OTT04027,Thriller,Hindi,43,2022,11.3,8.9,10.6
OTT04028,Thriller,Hindi,61,2020,22.9,6.5,15.26
OTT04029,Action,Hindi,48,2026,15.2,6.6,9.52
OTT04030,Crime,Korean,79,2019,8.8,7.2,6.32
OTT04031,Action,English,79,2025,16.9,6.3,13.06
OTT04032,Crime,Hindi,65,2023,4.1,7.0,5.74
OTT04033,Comedy,English,61,2025,32.9,7.1,11.95
OTT04034,Comedy,English,92,2021,17.5,5.9,11.62
OTT04035,Sci-Fi,Korean,32,2023,19.1,7.4,11.52
OTT04036,Documentary,English,56,2025,62.1,6.6,8.54
OTT04037,Sci-Fi,English,80,2026,16.9,7.0,8.76
OTT04038,Drama,Telugu,55,2021,30.0,6.3,13.98
OTT04039,Drama,English,69,2024,9.8,7.8,10.88
OTT04040,Drama,Tamil,58,2021,14.6,7.4,11.24
OTT04041,Thriller,English,39,2023,18.6,8.3,14.78
OTT04042,Documentary,Tamil,46,2020,32.5,7.2,9.29
OTT04043,Drama,Tamil,75,2023,37.2,7.4,8.25
OTT04044,Thriller,Hindi,66,2022,24.1,8.6,17.23
OTT04045,Thriller,Hindi,83,2024,21.4,7.1,8.91
OTT04046,Comedy,English,59,2019,9.1,6.8,4.83
OTT04047,Comedy,English,45,2018,20.4,5.9,6.05
OTT04048,Crime,Korean,69,2025,21.5,6.9,5.99
OTT04049,Crime,English,22,2026,10.8,7.1,7.22
OTT04050,Romance,Tamil,58,2020,32.4,5.0,5.81
OTT04051,Crime,Tamil,68,2020,6.8,8.5,12.69
OTT04052,Action,Tamil,56,2024,16.0,8.2,12.32
OTT04053,Documentary,Korean,58,2019,6.2,5.9,3.92
OTT04054,Comedy,Korean,43,2025,16.8,6.9,8.96
OTT04055,Sci-Fi,Hindi,95,2024,25.6,6.7,11.17
OTT04056,Action,Tamil,61,2022,12.7,6.7,10.92
OTT04057,Romance,Telugu,57,2021,17.6,7.5,8.57
OTT04058,Crime,Hindi,53,2026,12.0,8.6,12.9
OTT04059,Crime,English,61,2022,33.3,7.3,13.64
OTT04060,Drama,Telugu,43,2024,33.4,7.6,14.87
OTT04061,Drama,Tamil,28,2023,25.4,7.5,13.31
OTT04062,Action,Telugu,86,2025,39.2,7.4,10.48
OTT04063,Documentary,English,38,2018,31.6,8.1,6.07
OTT04064,Thriller,Telugu,59,2021,14.7,6.5,6.87
OTT04065,Thriller,Hindi,45,2026,17.3,6.5,21.99
OTT04066,Romance,Hindi,24,2020,31.6,6.1,5.48
OTT04067,Action,Hindi,62,2023,8.4,7.5,10.17
OTT04068,Action,Korean,44,2021,8.3,7.5,15.97
OTT04069,Comedy,Telugu,29,2024,21.0,6.8,6.84
OTT04070,Drama,English,42,2025,14.0,6.0,7.0
OTT04071,Action,Tamil,38,2022,17.1,9.6,17.06
OTT04072,Romance,Hindi,49,2024,13.9,6.1,6.41
OTT04073,Drama,Spanish,38,2025,23.1,7.8,7.09
OTT04074,Sci-Fi,English,53,2022,13.0,7.7,15.66
OTT04075,Thriller,English,60,2021,20.1,7.9,14.54
OTT04076,Drama,Telugu,44,2019,23.6,5.9,4.72
OTT04077,Drama,Telugu,38,2024,15.5,6.4,11.87
OTT04078,Drama,Telugu,48,2026,14.1,5.7,5.5
OTT04079,Romance,Telugu,46,2019,15.9,7.5,5.24
OTT04080,Crime,Telugu,32,2026,43.2,8.9,19.74
OTT04081,Thriller,Spanish,58,2021,12.4,6.0,6.39
OTT04082,Drama,Telugu,44,2020,15.6,8.3,9.47
OTT04083,Romance,English,20,2022,25.8,8.0,8.06
OTT04084,Romance,Hindi,63,2026,23.2,8.4,16.0
OTT04085,Sci-Fi,Malayalam,37,2026,23.0,7.8,4.59
OTT04086,Drama,English,31,2020,52.6,7.0,22.09
OTT04087,Comedy,Hindi,42,2023,35.1,7.3,7.32
OTT04088,Comedy,English,62,2018,14.7,8.4,7.85
OTT04089,Thriller,Hindi,48,2018,18.6,8.6,10.1
OTT04090,Sci-Fi,English,55,2023,23.2,8.2,14.96
OTT04091,Romance,Hindi,39,2024,21.9,7.7,8.49
OTT04092,Thriller,Korean,59,2018,12.4,7.0,7.37
OTT04093,Drama,English,89,2022,23.2,6.9,8.98
OTT04094,Crime,English,47,2026,40.3,6.5,10.58
OTT04095,Drama,Telugu,65,2019,51.9,7.3,10.2
OTT04096,Drama,Hindi,63,2025,12.5,8.8,9.75
OTT04097,Drama,Hindi,38,2018,18.8,7.5,13.53
OTT04098,Drama,Korean,58,2023,14.9,8.3,10.44
OTT04099,Drama,Tamil,68,2024,26.0,7.8,7.95
OTT04100,Romance,English,38,2026,21.4,6.3,10.29
OTT04101,Action,English,71,2020,16.6,8.4,17.32
OTT04102,Romance,English,20,2019,28.9,7.1,17.7
OTT04103,Romance,Telugu,43,2025,43.8,6.3,20.63
OTT04104,Comedy,Tamil,50,2023,4.4,6.8,4.04
OTT04105,Crime,Tamil,23,2026,5.0,7.0,8.04
OTT04106,Comedy,Hindi,20,2018,27.1,7.0,12.78
OTT04107,Documentary,English,51,2026,20.7,6.5,10.16
OTT04108,Drama,Spanish,48,2022,14.9,7.3,12.66
OTT04109,Sci-Fi,English,48,2023,10.0,7.0,11.59
OTT04110,Action,English,46,2019,16.4,9.2,15.57
OTT04111,Drama,English,67,2018,10.4,5.9,6.2
OTT04112,Romance,English,43,2023,43.9,7.6,18.01
OTT04113,Thriller,Hindi,54,2023,9.3,7.3,10.98
OTT04114,Romance,Hindi,36,2026,13.7,6.8,7.98
OTT04115,Drama,Hindi,40,2018,15.0,5.1,2.44
OTT04116,Action,Korean,34,2023,19.2,5.8,6.84
OTT04117,Comedy,Malayalam,75,2026,13.8,6.7,9.34
OTT04118,Crime,English,60,2023,15.5,8.0,11.31
OTT04119,Romance,Hindi,28,2024,25.3,6.8,6.91
OTT04120,Drama,Hindi,63,2018,4.2,6.3,2.6
OTT04121,Drama,Hindi,60,2021,33.5,5.9,17.39
OTT04122,Drama,Tamil,74,2023,31.9,4.9,9.48
OTT04123,Thriller,Korean,57,2026,17.1,6.0,7.83
OTT04124,Drama,Hindi,65,2021,13.4,6.4,9.19
OTT04125,Thriller,English,37,2020,21.0,6.8,10.01
OTT04126,Thriller,Hindi,44,2022,31.0,7.4,21.51
OTT04127,Romance,English,51,2026,12.4,7.4,9.21
OTT04128,Thriller,Hindi,63,2019,31.4,6.4,5.96
OTT04129,Action,Tamil,48,2019,26.6,7.9,16.12
OTT04130,Romance,Telugu,47,2021,21.5,7.8,7.22
OTT04131,Thriller,Telugu,57,2020,44.1,6.8,15.38
OTT04132,Thriller,Hindi,38,2020,18.5,6.1,9.22
OTT04133,Drama,Hindi,65,2026,20.7,5.9,7.71
OTT04134,Romance,Hindi,34,2026,19.5,6.2,11.51
OTT04135,Romance,Telugu,47,2020,11.7,6.3,3.59
OTT04136,Sci-Fi,Hindi,57,2021,8.9,8.6,8.78
OTT04137,Action,Korean,24,2018,32.4,6.5,9.57
OTT04138,Comedy,Hindi,60,2024,19.4,7.5,14.01
OTT04139,Thriller,Korean,58,2023,29.0,6.2,10.75
OTT04140,Romance,Malayalam,72,2022,13.5,5.5,8.17
OTT04141,Comedy,Tamil,42,2023,7.2,7.2,5.98
OTT04142,Comedy,Hindi,56,2020,12.8,6.5,4.19
OTT04143,Drama,English,68,2022,28.6,7.4,15.01
OTT04144,Thriller,English,41,2023,25.4,8.0,11.42
OTT04145,Romance,Telugu,57,2018,16.6,7.7,10.01
OTT04146,Thriller,Tamil,64,2018,32.2,6.5,7.46
OTT04147,Sci-Fi,Korean,63,2019,13.8,7.9,18.37
OTT04148,Thriller,English,25,2022,16.7,5.9,11.34
OTT04149,Romance,English,63,2022,16.7,7.8,11.2
OTT04150,Drama,English,65,2025,23.6,7.5,7.85
OTT04151,Thriller,Telugu,57,2020,5.8,9.2,9.71
OTT04152,Action,Hindi,72,2019,9.0,5.4,4.45
OTT04153,Drama,Korean,66,2020,33.0,6.1,15.82
OTT04154,Drama,Hindi,48,2023,31.4,7.7,9.2
OTT04155,Thriller,Korean,60,2025,15.2,7.2,6.12
OTT04156,Drama,Hindi,50,2022,12.1,7.0,10.78
OTT04157,Drama,English,49,2020,36.4,6.7,13.97
OTT04158,Crime,Korean,42,2018,30.7,6.7,5.61
OTT04159,Drama,Hindi,68,2025,12.5,7.9,9.3
OTT04160,Action,Tamil,71,2021,8.3,6.4,4.3
OTT04161,Thriller,Hindi,64,2022,10.9,7.7,13.67
OTT04162,Romance,English,69,2022,16.4,8.0,17.68
OTT04163,Crime,English,70,2026,18.9,8.5,17.93
OTT04164,Documentary,English,53,2020,27.5,8.3,6.69
OTT04165,Sci-Fi,English,36,2023,52.6,7.0,20.65
OTT04166,Thriller,English,42,2018,9.9,7.4,11.51
OTT04167,Comedy,English,40,2025,5.9,6.6,5.91
OTT04168,Thriller,English,65,2026,9.8,5.9,12.65
OTT04169,Crime,Tamil,79,2021,22.3,7.6,14.4
OTT04170,Action,Korean,46,2026,25.4,6.2,6.94
OTT04171,Drama,Spanish,56,2022,16.3,7.5,9.05
OTT04172,Thriller,Spanish,67,2019,15.4,7.4,8.22
OTT04173,Drama,Telugu,44,2025,13.5,5.6,4.27
OTT04174,Romance,English,77,2022,15.0,6.9,7.86
OTT04175,Drama,Telugu,43,2018,8.0,7.0,5.57
OTT04176,Crime,Malayalam,68,2020,12.2,6.1,5.16
OTT04177,Crime,Malayalam,56,2021,22.2,8.2,14.15
OTT04178,Action,English,37,2026,4.5,6.6,11.44
OTT04179,Sci-Fi,English,44,2018,16.7,6.6,9.03
OTT04180,Documentary,English,48,2022,4.8,6.2,6.07
OTT04181,Sci-Fi,English,60,2023,11.4,8.3,10.38
OTT04182,Action,Hindi,76,2022,33.6,6.3,13.83
OTT04183,Romance,English,41,2024,22.9,7.1,7.07
OTT04184,Drama,English,42,2023,8.6,6.1,5.28
OTT04185,Thriller,Tamil,35,2019,21.0,8.4,10.39
OTT04186,Crime,English,53,2020,12.1,7.5,10.17
OTT04187,Thriller,Korean,48,2022,21.7,7.4,8.86
OTT04188,Comedy,Hindi,55,2020,24.2,7.0,7.89
OTT04189,Action,Spanish,58,2019,30.5,5.4,7.42
OTT04190,Comedy,Hindi,61,2019,36.6,5.3,11.32
OTT04191,Comedy,Korean,38,2018,14.0,7.3,3.96
OTT04192,Action,English,53,2024,9.8,7.5,7.77
OTT04193,Thriller,Spanish,50,2018,12.7,8.5,9.09
OTT04194,Drama,English,52,2024,30.9,4.9,10.42
OTT04195,Action,English,45,2020,13.5,7.4,12.11
OTT04196,Drama,Hindi,48,2020,22.1,6.2,7.45
OTT04197,Comedy,English,57,2021,12.2,5.8,5.08
OTT04198,Thriller,English,37,2020,19.3,6.8,10.48
OTT04199,Drama,Tamil,32,2024,11.9,8.0,13.18
OTT04200,Drama,Hindi,63,2025,14.7,8.3,8.26
OTT04201,Action,Telugu,50,2024,6.7,6.4,5.79
OTT04202,Drama,Hindi,76,2021,16.7,6.5,9.37
OTT04203,Drama,Hindi,48,2018,11.8,5.7,3.93
OTT04204,Romance,Tamil,56,2021,33.9,6.9,7.84
OTT04205,Drama,Korean,78,2024,26.4,7.6,11.05
OTT04206,Action,Spanish,59,2020,20.1,6.8,11.79
OTT04207,Drama,Telugu,71,2025,19.8,6.5,10.05
OTT04208,Thriller,English,35,2019,38.3,6.0,12.92
OTT04209,Thriller,English,59,2026,5.3,8.6,13.8
OTT04210,Sci-Fi,English,44,2018,11.6,6.6,5.57
OTT04211,Drama,Hindi,48,2024,8.8,5.6,6.99
OTT04212,Documentary,Korean,56,2024,10.8,7.5,9.06
OTT04213,Documentary,Tamil,47,2026,5.5,7.0,8.53
OTT04214,Comedy,Telugu,33,2021,23.5,8.7,9.22
OTT04215,Comedy,English,73,2020,32.1,6.5,15.3
OTT04216,Crime,English,53,2020,21.0,7.3,10.42
OTT04217,Romance,Hindi,48,2019,9.4,8.8,9.76
OTT04218,Sci-Fi,Telugu,72,2026,36.8,7.0,10.5
OTT04219,Thriller,Tamil,86,2025,19.7,6.1,5.49
OTT04220,Thriller,Tamil,80,2023,23.3,8.4,13.34
OTT04221,Thriller,Spanish,25,2023,16.8,6.7,12.16
OTT04222,Action,Hindi,50,2019,16.9,6.8,12.41
OTT04223,Thriller,English,62,2023,13.4,6.3,9.18
OTT04224,Romance,English,51,2026,31.2,7.4,11.86
OTT04225,Action,English,55,2026,10.3,6.4,7.17
OTT04226,Sci-Fi,Hindi,53,2024,11.1,7.9,18.88
OTT04227,Action,Telugu,70,2022,11.9,8.5,15.07
OTT04228,Drama,Hindi,41,2024,41.8,9.1,22.1
OTT04229,Romance,English,61,2025,23.3,7.6,13.53
OTT04230,Romance,Spanish,36,2025,33.6,7.2,11.91
OTT04231,Action,Hindi,66,2022,11.5,7.7,5.74
OTT04232,Action,Tamil,69,2018,25.3,7.7,9.18
OTT04233,Thriller,English,55,2022,13.8,7.3,12.68
OTT04234,Documentary,Telugu,40,2025,20.5,8.0,9.31
OTT04235,Action,Hindi,30,2020,9.4,6.4,5.76
OTT04236,Comedy,Malayalam,60,2021,18.1,7.6,7.32
OTT04237,Drama,Korean,36,2020,32.1,8.3,17.1
OTT04238,Drama,Tamil,88,2018,54.1,7.9,18.54
OTT04239,Comedy,English,66,2021,39.4,7.2,6.17
OTT04240,Comedy,Telugu,46,2019,31.9,6.1,4.73
OTT04241,Drama,Tamil,61,2024,15.1,6.8,8.75
OTT04242,Drama,English,26,2020,36.3,7.5,9.96
OTT04243,Action,English,84,2019,17.1,6.3,12.06
OTT04244,Thriller,Hindi,47,2021,35.2,5.7,13.39
OTT04245,Thriller,Telugu,72,2022,22.6,6.8,6.22
OTT04246,Documentary,Hindi,62,2026,9.4,6.3,3.96
OTT04247,Comedy,Tamil,72,2023,25.9,6.3,13.83
OTT04248,Drama,Telugu,66,2020,28.2,8.3,13.52
OTT04249,Drama,English,45,2024,13.6,7.3,13.02
OTT04250,Sci-Fi,Spanish,42,2023,15.0,6.4,4.82
OTT04251,Comedy,English,57,2019,13.5,7.9,9.04
OTT04252,Romance,English,63,2025,16.1,8.8,14.33
OTT04253,Drama,Telugu,90,2024,11.4,6.8,9.25
OTT04254,Crime,Tamil,31,2021,11.6,6.4,8.7
OTT04255,Comedy,Korean,66,2024,15.2,5.2,9.11
OTT04256,Comedy,Hindi,53,2020,38.9,6.9,12.68
OTT04257,Comedy,Korean,41,2024,23.0,7.3,4.45
OTT04258,Crime,Korean,53,2025,10.1,7.6,9.66
OTT04259,Thriller,English,47,2019,8.8,8.9,9.23
OTT04260,Romance,Korean,76,2025,13.4,7.7,14.95
OTT04261,Drama,Hindi,63,2018,13.4,8.2,4.69
OTT04262,Documentary,Spanish,32,2020,19.5,6.7,3.75
OTT04263,Drama,Hindi,47,2023,27.9,7.4,21.05
OTT04264,Romance,English,48,2025,9.1,7.6,9.13
OTT04265,Sci-Fi,Telugu,45,2023,4.0,6.2,4.95
OTT04266,Thriller,Tamil,37,2022,17.7,7.5,13.71
OTT04267,Sci-Fi,English,46,2022,24.4,6.4,6.02
OTT04268,Crime,Spanish,79,2019,18.2,7.1,10.03
OTT04269,Action,Korean,43,2024,9.4,6.2,5.83
OTT04270,Comedy,Tamil,60,2021,32.7,7.0,9.1
OTT04271,Action,Hindi,69,2023,26.0,5.7,10.57
OTT04272,Comedy,Hindi,55,2022,6.2,7.8,10.49
OTT04273,Romance,Korean,63,2020,17.1,5.5,5.77
OTT04274,Comedy,Korean,84,2022,11.8,7.0,9.2
OTT04275,Comedy,Spanish,64,2021,27.9,7.6,7.7
OTT04276,Thriller,English,80,2021,12.1,9.0,13.58
OTT04277,Documentary,Hindi,39,2020,22.6,7.2,8.02
OTT04278,Comedy,English,49,2018,13.8,8.3,12.57
OTT04279,Action,Telugu,49,2023,10.2,6.2,8.17
OTT04280,Drama,Hindi,72,2021,39.6,6.8,19.18
OTT04281,Thriller,Tamil,61,2025,33.3,7.3,8.89
OTT04282,Crime,Spanish,65,2021,24.1,8.2,10.58
OTT04283,Comedy,English,62,2025,7.4,7.3,8.27
OTT04284,Comedy,Spanish,62,2018,34.2,5.3,7.76
OTT04285,Action,Tamil,40,2024,20.7,7.2,10.0
OTT04286,Thriller,Tamil,77,2025,44.2,8.0,24.0
OTT04287,Drama,Hindi,71,2023,24.4,7.6,14.21
OTT04288,Romance,Telugu,65,2021,30.2,9.2,12.08
OTT04289,Drama,Tamil,64,2023,20.3,9.3,17.16
OTT04290,Drama,English,35,2022,19.9,6.1,9.34
OTT04291,Drama,English,65,2021,11.2,5.5,7.42
OTT04292,Thriller,Hindi,32,2024,32.8,6.6,21.29
OTT04293,Thriller,Tamil,61,2026,12.6,8.5,19.53
OTT04294,Action,English,27,2018,19.0,8.6,8.21
OTT04295,Sci-Fi,Hindi,27,2020,25.5,7.6,10.23
OTT04296,Comedy,Korean,53,2025,13.2,9.2,22.64
OTT04297,Thriller,Tamil,45,2025,16.9,6.6,13.77
OTT04298,Action,English,45,2025,20.1,7.8,13.33
OTT04299,Drama,Korean,57,2025,48.3,8.3,16.34
OTT04300,Drama,Telugu,68,2019,25.7,7.4,11.52
OTT04301,Comedy,Tamil,62,2019,33.2,6.0,11.95
OTT04302,Drama,Spanish,75,2019,8.1,6.7,5.31
OTT04303,Drama,Hindi,65,2021,23.8,8.5,7.39
OTT04304,Crime,English,20,2024,17.3,7.1,18.91
OTT04305,Drama,English,39,2024,4.0,8.1,6.47
OTT04306,Crime,English,75,2022,4.8,7.7,11.38
OTT04307,Crime,English,38,2023,27.6,6.9,14.6
OTT04308,Thriller,English,42,2021,46.8,6.8,26.05
OTT04309,Thriller,English,50,2019,25.0,5.6,4.93
OTT04310,Crime,English,46,2023,12.0,7.8,6.51
OTT04311,Thriller,Spanish,61,2020,20.2,6.6,6.28
OTT04312,Comedy,English,64,2025,24.3,7.9,12.75
OTT04313,Drama,English,58,2025,45.2,7.6,23.54
OTT04314,Action,Telugu,50,2021,17.8,7.8,13.05
OTT04315,Crime,Tamil,34,2018,10.9,5.0,1.8
OTT04316,Documentary,English,67,2020,12.9,7.2,5.52
OTT04317,Romance,Tamil,53,2020,74.7,7.7,17.85
OTT04318,Thriller,Tamil,70,2019,17.6,6.6,5.15
OTT04319,Sci-Fi,English,44,2021,9.7,7.5,19.83
OTT04320,Comedy,Malayalam,43,2021,47.8,8.3,13.67
OTT04321,Drama,English,36,2024,24.1,7.2,12.76
OTT04322,Drama,Telugu,38,2018,18.8,6.1,5.43
OTT04323,Crime,Malayalam,62,2023,11.1,6.9,4.17
OTT04324,Thriller,English,70,2019,14.6,7.6,9.09
OTT04325,Crime,Korean,43,2019,9.7,7.4,13.36
OTT04326,Romance,Malayalam,50,2018,38.3,6.8,5.98
OTT04327,Romance,Korean,79,2025,62.8,6.3,13.91
OTT04328,Romance,Korean,62,2020,12.9,8.6,9.53
OTT04329,Drama,Korean,52,2026,14.7,9.4,11.39
OTT04330,Drama,Korean,51,2023,8.7,6.6,7.07
OTT04331,Sci-Fi,Hindi,54,2022,10.7,8.0,13.28
OTT04332,Drama,Tamil,71,2022,16.7,7.5,6.64
OTT04333,Drama,Hindi,67,2019,23.3,8.1,7.36
OTT04334,Comedy,Hindi,68,2021,40.3,6.8,9.13
OTT04335,Action,Tamil,61,2025,7.4,6.1,7.52
OTT04336,Drama,Hindi,55,2023,8.0,7.5,6.65
OTT04337,Action,English,65,2024,13.9,6.6,7.34
OTT04338,Comedy,Hindi,50,2024,13.4,6.3,6.74
OTT04339,Drama,Malayalam,49,2024,9.5,5.5,2.19
OTT04340,Comedy,English,52,2023,17.4,7.5,4.89
OTT04341,Thriller,Korean,44,2020,15.1,8.1,9.35
OTT04342,Thriller,Hindi,57,2019,19.2,8.0,10.59
OTT04343,Action,Korean,62,2021,26.5,7.6,9.84
OTT04344,Drama,Hindi,62,2022,15.7,8.1,10.58
OTT04345,Thriller,Tamil,58,2019,17.8,8.0,12.98
OTT04346,Drama,Korean,52,2025,13.8,8.0,8.57
OTT04347,Comedy,Korean,66,2019,12.7,6.6,5.06
OTT04348,Drama,Telugu,69,2019,43.6,6.7,13.04
OTT04349,Sci-Fi,Malayalam,37,2020,29.0,9.2,13.12
OTT04350,Documentary,English,29,2021,21.6,6.7,7.36
OTT04351,Drama,English,79,2020,7.7,6.8,5.37
OTT04352,Comedy,English,53,2021,36.7,6.2,12.14
OTT04353,Crime,English,67,2024,24.3,6.1,16.76
OTT04354,Comedy,Spanish,49,2025,17.0,8.6,11.31
OTT04355,Action,Spanish,60,2026,16.6,9.5,26.31
OTT04356,Comedy,English,69,2019,25.3,6.1,6.9
OTT04357,Thriller,English,20,2018,15.7,8.4,13.19
OTT04358,Romance,English,64,2022,27.1,7.1,9.89
OTT04359,Drama,Spanish,30,2022,9.2,7.3,4.66
OTT04360,Action,English,50,2024,24.6,8.3,11.96
OTT04361,Comedy,Tamil,66,2022,11.1,6.1,9.3
OTT04362,Sci-Fi,Telugu,83,2022,17.8,8.7,9.99
OTT04363,Thriller,Hindi,63,2019,25.1,8.8,12.89
OTT04364,Thriller,English,44,2021,21.8,7.7,9.28
OTT04365,Thriller,Tamil,58,2025,35.7,6.5,13.27
OTT04366,Drama,Hindi,38,2022,18.0,6.2,6.87
OTT04367,Action,Malayalam,88,2022,45.4,6.2,9.14
OTT04368,Action,Tamil,69,2022,40.0,6.9,12.02
OTT04369,Thriller,English,47,2024,9.4,6.3,6.62
OTT04370,Crime,English,68,2021,66.1,6.8,14.56
OTT04371,Romance,English,20,2022,16.0,7.1,10.83
OTT04372,Thriller,English,63,2018,24.6,7.1,10.35
OTT04373,Drama,Hindi,56,2022,24.1,7.0,14.93
OTT04374,Sci-Fi,English,38,2023,13.7,8.2,13.43
OTT04375,Romance,English,44,2025,78.7,7.0,20.29
OTT04376,Crime,Tamil,57,2020,11.7,7.0,6.63
OTT04377,Comedy,English,62,2018,27.6,7.2,4.65
OTT04378,Comedy,Spanish,63,2023,9.1,6.2,3.36
OTT04379,Drama,English,55,2018,33.0,9.1,18.23
OTT04380,Comedy,Tamil,67,2021,13.4,7.7,6.77
OTT04381,Romance,Hindi,77,2022,8.7,7.2,13.72
OTT04382,Thriller,Telugu,41,2025,4.9,7.0,7.54
OTT04383,Romance,Telugu,50,2024,53.7,8.0,27.82
OTT04384,Comedy,Malayalam,63,2022,8.8,7.4,7.37
OTT04385,Drama,Korean,71,2018,17.3,7.3,13.39
OTT04386,Crime,English,54,2021,21.6,6.3,11.72
OTT04387,Drama,Tamil,72,2020,34.1,7.8,17.87
OTT04388,Crime,English,47,2025,15.1,7.1,13.54
OTT04389,Drama,English,65,2022,13.5,5.5,4.1
OTT04390,Action,Telugu,58,2019,100.0,6.9,22.93
OTT04391,Sci-Fi,Spanish,47,2024,18.5,7.5,11.29
OTT04392,Thriller,Hindi,69,2022,16.2,6.9,16.7
OTT04393,Romance,Korean,38,2021,16.5,8.4,9.1
OTT04394,Crime,Tamil,53,2026,9.6,7.5,3.57
OTT04395,Comedy,Telugu,39,2022,35.1,7.3,9.09
OTT04396,Documentary,Telugu,58,2026,11.0,7.1,5.83
OTT04397,Crime,Tamil,53,2024,13.7,6.1,8.26
OTT04398,Drama,Telugu,49,2019,32.1,7.9,13.26
OTT04399,Comedy,Telugu,69,2024,10.6,7.2,3.56
OTT04400,Comedy,Korean,80,2026,10.1,5.9,10.63
OTT04401,Documentary,English,65,2024,9.7,6.9,8.96
OTT04402,Action,Hindi,20,2020,42.4,7.1,14.02
OTT04403,Drama,Hindi,67,2023,9.6,7.3,7.34
OTT04404,Drama,Tamil,66,2024,4.5,7.7,6.28
OTT04405,Drama,Hindi,74,2018,8.1,8.1,7.11
OTT04406,Romance,Spanish,40,2018,13.2,7.2,4.6
OTT04407,Romance,Malayalam,63,2025,7.9,8.2,13.41
OTT04408,Drama,Spanish,72,2020,16.7,7.8,11.2
OTT04409,Drama,Korean,63,2026,25.3,7.1,7.71
OTT04410,Thriller,Tamil,45,2018,22.6,6.4,4.59
OTT04411,Documentary,English,48,2021,11.1,6.1,2.8
OTT04412,Comedy,Telugu,55,2022,22.7,6.8,9.54
OTT04413,Romance,Hindi,57,2022,26.9,8.4,10.67
OTT04414,Comedy,English,50,2022,7.9,7.6,9.36
OTT04415,Action,Tamil,57,2022,22.5,8.6,12.92
OTT04416,Thriller,English,33,2023,16.6,6.3,7.58
OTT04417,Drama,Tamil,74,2020,27.3,6.5,8.21
OTT04418,Drama,Malayalam,38,2026,20.9,9.0,10.32
OTT04419,Action,English,38,2026,22.4,7.2,13.05
OTT04420,Comedy,Hindi,50,2024,25.6,7.8,17.3
OTT04421,Romance,Spanish,52,2021,42.0,6.5,16.0
OTT04422,Action,English,73,2025,12.8,5.9,9.43
OTT04423,Romance,Telugu,37,2018,12.6,8.0,5.12
OTT04424,Action,Telugu,69,2024,9.9,6.2,5.76
OTT04425,Crime,Hindi,65,2020,15.2,5.6,8.02
OTT04426,Drama,Hindi,47,2024,7.4,5.4,11.84
OTT04427,Thriller,Hindi,60,2021,15.4,7.1,13.17
OTT04428,Comedy,English,71,2025,38.8,7.5,14.98
OTT04429,Romance,Malayalam,59,2025,9.0,8.1,4.55
OTT04430,Drama,Telugu,26,2022,12.1,6.5,7.0
OTT04431,Crime,Telugu,20,2020,8.5,7.0,4.89
OTT04432,Drama,Telugu,35,2023,14.2,7.8,10.86
OTT04433,Crime,Telugu,71,2022,22.8,6.9,7.59
OTT04434,Documentary,English,73,2022,46.4,6.1,11.43
OTT04435,Romance,English,50,2020,56.0,7.0,13.32
OTT04436,Drama,English,37,2026,11.8,5.1,5.3
OTT04437,Thriller,Tamil,37,2021,21.9,6.9,7.06
OTT04438,Thriller,Korean,64,2022,55.4,8.6,16.68
OTT04439,Comedy,English,41,2023,36.2,6.3,10.7
OTT04440,Crime,Tamil,50,2023,15.3,7.0,10.06
OTT04441,Drama,English,61,2019,29.9,7.5,17.71
OTT04442,Comedy,Tamil,73,2024,20.1,8.5,8.61
OTT04443,Crime,Tamil,43,2024,25.6,8.3,21.56
OTT04444,Thriller,Tamil,44,2024,27.2,7.9,14.33
OTT04445,Comedy,English,56,2025,24.3,7.4,12.68
OTT04446,Comedy,English,48,2022,5.8,7.9,6.2
OTT04447,Drama,Spanish,32,2024,17.6,7.3,8.2
OTT04448,Crime,English,73,2020,7.7,6.6,9.07
OTT04449,Drama,English,35,2018,10.8,8.1,13.35
OTT04450,Romance,Malayalam,60,2019,13.8,7.6,4.92
OTT04451,Drama,English,59,2025,10.1,7.0,7.64
OTT04452,Drama,Telugu,44,2023,14.0,7.0,6.67
OTT04453,Action,Hindi,50,2026,8.7,7.1,10.39
OTT04454,Thriller,Spanish,36,2019,13.5,8.4,12.31
OTT04455,Drama,English,58,2021,27.6,8.4,17.63
OTT04456,Thriller,Hindi,54,2026,48.2,5.4,16.25
OTT04457,Sci-Fi,English,46,2026,11.9,7.4,9.34
OTT04458,Drama,Korean,23,2024,32.0,8.0,15.15
OTT04459,Comedy,Hindi,35,2026,27.3,6.6,8.65
OTT04460,Action,Hindi,56,2019,11.1,7.5,6.41
OTT04461,Action,Tamil,63,2020,19.2,6.9,10.05
OTT04462,Documentary,Korean,60,2021,64.5,7.7,16.14
OTT04463,Drama,Tamil,52,2026,37.0,7.1,13.8
OTT04464,Comedy,English,61,2020,10.0,6.6,8.31
OTT04465,Romance,English,59,2023,29.7,6.8,14.12
OTT04466,Romance,Spanish,48,2024,34.7,6.1,10.0
OTT04467,Romance,Tamil,38,2024,9.5,6.7,6.7
OTT04468,Drama,Tamil,46,2025,24.2,6.3,9.04
OTT04469,Comedy,Hindi,56,2024,43.3,6.7,6.81
OTT04470,Sci-Fi,Hindi,71,2021,42.1,6.8,11.77
OTT04471,Comedy,English,48,2021,15.0,7.6,8.27
OTT04472,Drama,Korean,28,2023,15.4,7.8,7.59
OTT04473,Drama,Tamil,62,2026,31.8,7.6,13.48
OTT04474,Comedy,Tamil,50,2021,28.9,6.3,7.53
OTT04475,Crime,Malayalam,94,2021,25.4,6.5,11.89
OTT04476,Crime,English,60,2026,36.3,7.8,20.03
OTT04477,Comedy,Hindi,68,2021,14.4,7.8,10.44
OTT04478,Comedy,Spanish,60,2026,13.2,8.0,14.14
OTT04479,Action,Tamil,23,2021,6.7,6.4,8.63
OTT04480,Crime,English,59,2025,6.8,7.3,10.13
OTT04481,Comedy,Hindi,40,2019,24.0,7.3,14.76
OTT04482,Comedy,Korean,49,2018,30.2,7.0,9.07
OTT04483,Romance,Tamil,81,2019,9.2,5.7,4.13
OTT04484,Drama,English,54,2026,37.9,7.1,12.6
OTT04485,Drama,Hindi,71,2020,24.7,7.2,10.71
OTT04486,Romance,Hindi,54,2024,12.2,6.1,6.52
OTT04487,Sci-Fi,Telugu,21,2018,8.5,7.6,4.75
OTT04488,Thriller,Telugu,44,2021,43.9,6.9,6.74
OTT04489,Drama,English,61,2026,22.7,8.8,33.75
OTT04490,Comedy,English,21,2026,24.5,6.2,10.64
OTT04491,Action,Hindi,44,2018,14.7,6.9,9.32
OTT04492,Crime,Spanish,61,2024,10.0,7.7,6.56
OTT04493,Comedy,Hindi,63,2026,35.6,9.3,26.38
OTT04494,Romance,Tamil,77,2025,5.7,7.2,4.22
OTT04495,Comedy,Malayalam,37,2020,18.9,6.8,3.94
OTT04496,Drama,English,58,2022,20.1,7.3,19.45
OTT04497,Sci-Fi,Telugu,55,2022,10.4,7.2,9.87
OTT04498,Comedy,Hindi,74,2022,53.3,7.5,12.3
OTT04499,Crime,English,37,2026,19.9,7.3,8.96
OTT04500,Thriller,Telugu,38,2024,11.3,7.5,5.06
OTT04501,Crime,English,76,2025,7.2,8.9,14.56
OTT04502,Crime,Telugu,28,2019,7.1,7.0,4.26
OTT04503,Action,English,24,2018,18.8,6.8,10.46
OTT04504,Thriller,English,39,2023,49.8,5.3,24.12
OTT04505,Sci-Fi,English,64,2021,36.9,6.8,10.77
OTT04506,Documentary,Hindi,54,2024,7.0,7.8,4.54
OTT04507,Comedy,Telugu,36,2026,17.9,8.3,5.94
OTT04508,Drama,English,60,2024,12.9,6.7,12.93
OTT04509,Sci-Fi,Hindi,50,2019,28.4,6.9,8.7
OTT04510,Drama,English,45,2024,6.2,7.6,7.57
OTT04511,Drama,Hindi,67,2026,43.2,6.7,18.22
OTT04512,Documentary,English,88,2018,6.3,7.8,5.92
OTT04513,Thriller,English,45,2019,16.3,7.3,6.16
OTT04514,Comedy,Tamil,36,2020,9.3,6.5,4.82
OTT04515,Drama,Spanish,57,2026,14.7,7.6,10.64
OTT04516,Romance,Telugu,52,2024,20.2,6.9,18.61
OTT04517,Romance,Malayalam,20,2025,9.6,8.4,10.27
OTT04518,Drama,Korean,62,2022,7.4,5.4,8.17
OTT04519,Drama,English,20,2020,4.7,7.0,4.85
OTT04520,Drama,English,60,2026,12.3,7.2,7.71
OTT04521,Romance,English,80,2026,9.3,6.0,11.0
OTT04522,Romance,English,77,2021,15.3,7.9,5.53
OTT04523,Romance,Telugu,90,2018,15.7,7.7,6.08
OTT04524,Drama,English,62,2019,13.3,7.9,8.81
OTT04525,Romance,English,51,2025,11.8,8.5,15.62
OTT04526,Thriller,Telugu,44,2023,13.8,6.6,8.45
OTT04527,Drama,Telugu,91,2021,28.1,7.5,12.05
OTT04528,Thriller,Telugu,44,2023,15.1,8.1,14.31
OTT04529,Action,Tamil,52,2022,15.7,6.7,8.49
OTT04530,Action,Tamil,46,2026,28.9,7.2,13.57
OTT04531,Comedy,Tamil,55,2026,17.1,8.0,9.96
OTT04532,Romance,Spanish,42,2022,36.2,6.6,10.46
OTT04533,Thriller,English,44,2026,14.1,8.5,10.06
OTT04534,Documentary,Hindi,30,2025,19.4,7.3,7.33
OTT04535,Drama,English,36,2023,25.4,6.1,9.73
OTT04536,Romance,English,51,2026,5.0,9.2,9.79
OTT04537,Comedy,Telugu,72,2018,75.9,7.7,16.77
OTT04538,Crime,Hindi,52,2019,25.0,8.0,16.95
OTT04539,Romance,Hindi,29,2021,7.0,6.6,5.91
OTT04540,Thriller,Tamil,44,2018,4.4,6.8,6.31
OTT04541,Thriller,Hindi,30,2022,11.6,6.3,9.85
OTT04542,Thriller,Tamil,41,2020,13.2,7.9,8.75
OTT04543,Sci-Fi,English,60,2026,34.7,7.8,15.48
OTT04544,Romance,Korean,36,2026,15.1,6.7,7.5
OTT04545,Thriller,Korean,71,2020,23.7,6.9,7.41
OTT04546,Crime,English,26,2020,18.8,7.7,10.76
OTT04547,Action,English,52,2019,69.3,6.6,26.98
OTT04548,Thriller,Tamil,62,2026,36.3,7.6,20.43
OTT04549,Comedy,Hindi,33,2022,9.1,7.6,14.4
OTT04550,Documentary,Tamil,29,2026,52.1,6.9,6.76
OTT04551,Sci-Fi,Hindi,33,2020,6.0,7.3,6.24
OTT04552,Comedy,Spanish,70,2018,56.3,6.6,11.55
OTT04553,Thriller,English,26,2021,7.1,6.1,7.73
OTT04554,Drama,Tamil,56,2020,6.3,8.3,5.11
OTT04555,Sci-Fi,Hindi,60,2023,26.2,6.3,11.31
OTT04556,Thriller,Tamil,58,2018,5.8,6.5,2.88
OTT04557,Drama,English,67,2025,14.4,9.0,18.23
OTT04558,Action,English,57,2022,13.3,7.8,12.15
OTT04559,Thriller,Spanish,30,2021,35.1,6.7,9.9
OTT04560,Romance,Tamil,64,2018,14.2,5.9,7.09
OTT04561,Crime,Telugu,64,2025,24.1,6.4,7.37
OTT04562,Drama,Spanish,85,2018,20.2,8.4,12.35
OTT04563,Sci-Fi,Spanish,41,2021,19.2,6.0,6.83
OTT04564,Action,Spanish,42,2025,20.1,7.6,15.06
OTT04565,Drama,Tamil,32,2025,25.7,8.6,15.78
OTT04566,Drama,Hindi,51,2022,12.3,7.3,8.11
OTT04567,Romance,Hindi,62,2020,14.7,9.1,11.04
OTT04568,Drama,Tamil,34,2025,8.8,7.2,8.52
OTT04569,Crime,Korean,54,2025,22.9,7.0,8.24
OTT04570,Crime,Hindi,59,2020,7.6,6.9,4.53
OTT04571,Documentary,English,68,2019,15.3,5.5,4.13
OTT04572,Drama,Korean,29,2026,6.8,8.4,13.59
OTT04573,Thriller,English,57,2018,49.9,6.1,12.54
OTT04574,Action,Telugu,63,2025,26.2,7.2,12.45
OTT04575,Romance,English,36,2018,30.7,7.6,8.84
OTT04576,Action,English,46,2025,21.9,8.1,28.68
OTT04577,Action,Spanish,26,2025,13.4,7.5,20.25
OTT04578,Crime,Hindi,49,2025,10.0,6.9,7.71
OTT04579,Drama,Tamil,32,2023,10.1,7.0,9.38
OTT04580,Comedy,Spanish,78,2021,9.5,8.2,9.97
OTT04581,Documentary,Tamil,45,2023,7.3,7.6,4.61
OTT04582,Comedy,Tamil,51,2020,4.5,6.2,4.56
OTT04583,Crime,Tamil,53,2019,17.0,5.4,4.81
OTT04584,Comedy,English,20,2022,25.1,7.2,9.9
OTT04585,Thriller,Tamil,62,2019,14.2,7.6,20.0
OTT04586,Crime,Tamil,58,2018,22.0,7.5,10.53
OTT04587,Documentary,Tamil,51,2020,22.7,7.3,2.79
OTT04588,Drama,Hindi,64,2020,27.5,5.9,7.51
OTT04589,Drama,Telugu,37,2025,12.6,7.8,10.33
OTT04590,Romance,Hindi,33,2026,28.0,8.4,20.88
OTT04591,Drama,Tamil,45,2025,10.0,6.4,5.07
OTT04592,Drama,Tamil,55,2026,20.0,6.7,6.17
OTT04593,Comedy,English,48,2024,17.2,7.9,10.41
OTT04594,Drama,Korean,56,2025,10.3,6.7,7.23
OTT04595,Crime,Hindi,40,2024,9.7,6.4,6.0
OTT04596,Action,Tamil,50,2023,42.8,5.5,12.58
OTT04597,Documentary,Hindi,49,2025,29.3,6.8,9.83
OTT04598,Comedy,English,69,2026,32.2,7.9,25.49
OTT04599,Drama,Malayalam,45,2024,28.2,8.1,21.1
OTT04600,Romance,English,41,2025,25.8,7.2,12.1
OTT04601,Drama,English,44,2023,45.1,6.4,8.12
OTT04602,Romance,Tamil,63,2024,16.0,6.0,5.94
OTT04603,Crime,Hindi,54,2025,18.7,7.3,13.89
OTT04604,Drama,Tamil,46,2025,19.7,8.2,11.25
OTT04605,Drama,Spanish,77,2023,10.5,8.4,12.96
OTT04606,Thriller,English,45,2019,16.5,6.7,4.72
OTT04607,Romance,Hindi,20,2026,16.6,6.8,14.63
OTT04608,Thriller,Malayalam,48,2026,17.5,7.8,12.86
OTT04609,Thriller,English,35,2024,15.6,7.6,13.15
OTT04610,Drama,English,50,2020,24.8,6.6,8.3
OTT04611,Comedy,Hindi,74,2019,28.0,8.0,10.0
OTT04612,Comedy,Hindi,33,2022,6.6,6.6,5.57
OTT04613,Thriller,Korean,56,2024,16.4,8.0,17.24
OTT04614,Crime,Telugu,31,2019,16.9,6.2,10.76
OTT04615,Comedy,Hindi,53,2019,13.6,6.4,5.86
OTT04616,Sci-Fi,English,35,2023,8.5,7.2,11.12
OTT04617,Sci-Fi,Hindi,70,2025,14.3,7.0,13.76
OTT04618,Comedy,Korean,73,2022,6.4,7.1,7.85
OTT04619,Drama,Hindi,71,2023,16.3,7.2,10.87
OTT04620,Thriller,Tamil,50,2021,12.7,7.5,7.64
OTT04621,Comedy,Telugu,20,2020,6.4,7.8,5.48
OTT04622,Drama,Hindi,27,2022,15.1,7.5,8.55
OTT04623,Sci-Fi,English,29,2026,19.0,6.9,15.12
OTT04624,Comedy,Hindi,40,2021,11.7,9.0,11.43
OTT04625,Sci-Fi,Tamil,72,2025,10.0,7.0,6.69
OTT04626,Drama,English,49,2022,15.1,6.9,8.35
OTT04627,Drama,English,30,2021,30.7,8.3,16.68
OTT04628,Drama,English,60,2021,6.6,7.7,7.09
OTT04629,Thriller,Hindi,79,2024,12.2,6.9,6.05
OTT04630,Documentary,Spanish,58,2018,5.4,8.2,6.79
OTT04631,Thriller,Korean,60,2026,49.1,8.1,27.2
OTT04632,Action,Tamil,73,2023,20.8,6.9,18.76
OTT04633,Action,Tamil,82,2022,69.0,8.5,28.47
OTT04634,Romance,English,64,2020,32.6,7.7,10.87
OTT04635,Crime,Tamil,49,2018,19.9,7.0,7.58
OTT04636,Drama,English,57,2022,17.6,7.1,10.24
OTT04637,Crime,English,73,2026,67.9,8.3,16.1
OTT04638,Sci-Fi,Tamil,51,2020,32.5,8.2,14.09
OTT04639,Documentary,English,70,2022,35.7,7.6,13.98
OTT04640,Comedy,Hindi,72,2019,40.9,7.2,7.9
OTT04641,Drama,Telugu,80,2022,19.6,6.6,8.46
OTT04642,Comedy,English,37,2022,4.5,7.9,11.32
OTT04643,Documentary,Korean,74,2021,20.2,6.5,4.31
OTT04644,Comedy,Hindi,50,2026,21.0,7.3,10.89
OTT04645,Drama,English,52,2018,8.9,6.6,5.77
OTT04646,Drama,English,66,2025,12.2,5.9,5.08
OTT04647,Crime,Telugu,36,2021,17.5,6.7,19.88
OTT04648,Thriller,English,65,2026,4.0,8.0,11.51
OTT04649,Thriller,Tamil,59,2024,53.3,8.3,14.32
OTT04650,Crime,Korean,42,2023,16.4,8.5,11.86
OTT04651,Sci-Fi,Spanish,55,2020,38.4,7.5,9.45
OTT04652,Action,English,49,2020,24.0,7.5,12.32
OTT04653,Drama,Tamil,33,2022,16.4,7.1,9.74
OTT04654,Comedy,Tamil,62,2020,30.1,7.1,11.37
OTT04655,Comedy,English,49,2025,10.3,8.0,9.81
OTT04656,Romance,Tamil,58,2022,22.7,6.5,4.22
OTT04657,Drama,Hindi,46,2021,15.7,6.1,3.24
OTT04658,Thriller,Tamil,83,2026,86.4,7.6,28.21
OTT04659,Action,Telugu,90,2024,33.2,8.3,22.61
OTT04660,Action,Telugu,43,2019,8.1,6.9,4.25
OTT04661,Romance,English,61,2022,33.3,7.0,17.11
OTT04662,Drama,Spanish,56,2018,11.6,5.3,3.72
OTT04663,Action,Hindi,65,2026,19.0,6.9,13.77
OTT04664,Action,English,38,2026,36.6,7.0,21.48
OTT04665,Crime,Korean,54,2020,45.9,6.6,15.96
OTT04666,Drama,English,38,2022,15.4,7.7,12.17
OTT04667,Drama,Telugu,73,2021,43.3,6.5,6.53
OTT04668,Romance,Hindi,71,2018,14.4,7.1,5.9
OTT04669,Action,English,66,2019,14.1,9.0,10.42
OTT04670,Drama,English,51,2021,31.8,5.8,12.35
OTT04671,Action,Hindi,36,2022,23.5,6.4,8.34
OTT04672,Thriller,English,60,2023,31.5,7.8,22.24
OTT04673,Drama,Telugu,78,2025,17.6,7.2,11.82
OTT04674,Drama,Telugu,74,2019,9.6,8.6,12.95
OTT04675,Sci-Fi,English,50,2019,38.6,7.4,15.88
OTT04676,Action,English,81,2022,51.6,7.0,26.31
OTT04677,Action,Spanish,47,2025,11.2,6.9,6.27
OTT04678,Comedy,English,75,2020,35.1,7.9,17.73
OTT04679,Comedy,Tamil,40,2023,29.3,7.0,9.82
OTT04680,Action,English,54,2024,7.1,5.8,2.74
OTT04681,Sci-Fi,Hindi,68,2018,16.2,6.9,6.6
OTT04682,Drama,Korean,36,2024,8.5,6.9,6.36
OTT04683,Sci-Fi,Telugu,52,2018,18.3,6.7,4.56
OTT04684,Action,English,40,2023,34.3,8.0,32.75
OTT04685,Thriller,Korean,38,2020,7.6,5.6,3.47
OTT04686,Comedy,Korean,54,2019,24.3,5.6,7.4
OTT04687,Crime,Telugu,31,2020,11.4,8.3,11.48
OTT04688,Sci-Fi,Malayalam,73,2024,25.1,5.8,5.76
OTT04689,Action,Tamil,47,2024,12.0,6.4,7.23
OTT04690,Comedy,Malayalam,62,2018,28.2,8.4,11.21
OTT04691,Sci-Fi,Hindi,50,2025,24.9,7.0,10.44
OTT04692,Comedy,Tamil,32,2024,16.5,7.4,11.57
OTT04693,Drama,Hindi,37,2019,9.3,6.3,3.46
OTT04694,Drama,Malayalam,39,2020,21.6,6.1,5.72
OTT04695,Drama,Hindi,81,2023,18.7,7.9,15.72
OTT04696,Comedy,Tamil,57,2024,17.8,6.7,7.06
OTT04697,Action,English,76,2026,34.9,6.9,17.88
OTT04698,Action,Korean,30,2023,14.2,6.6,7.18
OTT04699,Comedy,Hindi,81,2024,13.6,7.6,10.16
OTT04700,Comedy,Tamil,76,2026,18.2,7.2,7.3
OTT04701,Crime,Tamil,60,2026,11.5,7.4,14.61
OTT04702,Thriller,English,56,2026,23.2,7.1,19.24
OTT04703,Romance,English,54,2021,13.3,7.1,12.14
OTT04704,Romance,English,67,2022,7.3,5.4,5.39
OTT04705,Action,Malayalam,60,2023,22.0,6.3,7.98
OTT04706,Romance,Spanish,46,2018,14.9,6.6,6.2
OTT04707,Action,English,52,2026,30.1,8.0,17.89
OTT04708,Action,Hindi,43,2018,15.3,6.2,15.21
OTT04709,Action,Malayalam,80,2019,7.4,7.5,5.75
OTT04710,Crime,Hindi,35,2019,5.5,6.7,7.76
OTT04711,Romance,English,89,2022,24.0,7.5,17.24
OTT04712,Drama,Telugu,23,2019,26.3,7.2,7.81
OTT04713,Sci-Fi,Korean,57,2024,36.3,8.9,22.34
OTT04714,Action,Hindi,52,2025,52.5,6.6,20.86
OTT04715,Thriller,English,57,2026,22.5,8.2,22.23
OTT04716,Crime,Tamil,31,2018,19.5,7.7,7.07
OTT04717,Comedy,Spanish,40,2019,16.0,7.7,8.41
OTT04718,Romance,English,76,2024,20.9,8.1,13.53
OTT04719,Thriller,Tamil,48,2018,12.3,7.9,6.53
OTT04720,Action,Tamil,56,2023,24.8,5.8,6.43
OTT04721,Thriller,Tamil,43,2026,39.9,7.5,19.04
OTT04722,Action,English,60,2019,4.5,6.9,5.81
OTT04723,Drama,English,63,2023,20.8,5.9,6.33
OTT04724,Action,Hindi,61,2025,6.3,6.8,10.69
OTT04725,Comedy,Hindi,45,2020,45.8,6.6,16.05
OTT04726,Sci-Fi,Korean,34,2023,27.9,6.8,12.04
OTT04727,Crime,English,39,2018,15.1,7.9,14.55
OTT04728,Documentary,English,64,2024,22.3,8.0,6.02
OTT04729,Action,English,45,2023,69.2,6.9,27.52
OTT04730,Drama,Tamil,37,2022,19.2,7.4,7.77
OTT04731,Crime,Telugu,20,2024,13.1,6.7,8.09
OTT04732,Comedy,Korean,69,2024,41.5,7.1,6.95
OTT04733,Comedy,Telugu,72,2024,5.9,6.8,8.79
OTT04734,Romance,English,47,2024,49.2,6.2,18.33
OTT04735,Action,English,54,2019,21.5,7.5,6.61
OTT04736,Action,English,56,2024,12.8,7.9,10.85
OTT04737,Drama,Telugu,30,2018,15.2,9.0,8.52
OTT04738,Drama,English,20,2023,7.9,7.6,6.38
OTT04739,Drama,English,20,2020,8.9,6.9,4.71
OTT04740,Sci-Fi,Spanish,20,2019,8.7,6.8,4.59
OTT04741,Drama,Malayalam,44,2025,36.6,6.3,6.06
OTT04742,Thriller,Tamil,71,2025,9.2,8.0,16.81
OTT04743,Comedy,Spanish,40,2025,10.6,7.7,8.35
OTT04744,Thriller,Korean,59,2024,15.8,7.3,6.36
OTT04745,Action,Hindi,45,2026,28.4,6.4,9.11
OTT04746,Romance,Tamil,46,2021,12.0,8.0,10.86
OTT04747,Documentary,Hindi,44,2021,30.4,6.2,8.44
OTT04748,Drama,Malayalam,30,2020,11.6,7.0,4.13
OTT04749,Comedy,Korean,60,2022,17.2,6.8,6.35
OTT04750,Comedy,Tamil,71,2020,6.2,6.1,5.3
OTT04751,Crime,Tamil,59,2026,20.5,8.3,12.68
OTT04752,Drama,Malayalam,92,2024,29.8,8.2,17.2
OTT04753,Sci-Fi,English,49,2022,23.1,8.7,12.31
OTT04754,Action,English,65,2022,37.2,7.8,14.94
OTT04755,Romance,English,51,2020,17.0,7.5,10.4
OTT04756,Sci-Fi,Spanish,27,2018,17.0,7.6,8.52
OTT04757,Comedy,Tamil,60,2025,19.0,5.7,10.8
OTT04758,Action,Hindi,51,2020,22.9,8.5,18.04
OTT04759,Thriller,Spanish,66,2023,13.5,7.7,16.41
OTT04760,Drama,Malayalam,64,2020,8.6,7.7,4.09
OTT04761,Drama,Tamil,57,2023,20.8,6.6,11.62
OTT04762,Comedy,Telugu,67,2021,16.1,7.1,5.73
OTT04763,Comedy,Hindi,66,2020,15.7,8.3,13.6
OTT04764,Thriller,Hindi,65,2024,16.4,7.4,7.73
OTT04765,Crime,Malayalam,32,2022,15.2,7.3,11.19
OTT04766,Comedy,Hindi,55,2022,34.4,7.5,14.0
OTT04767,Thriller,Telugu,42,2023,22.2,7.2,8.51
OTT04768,Thriller,English,68,2022,21.6,7.0,11.43
OTT04769,Action,English,57,2018,31.6,7.4,14.24
OTT04770,Documentary,Tamil,105,2018,20.0,6.3,5.23
OTT04771,Comedy,English,59,2026,37.6,7.6,13.87
OTT04772,Documentary,Korean,59,2023,6.3,7.8,9.46
OTT04773,Comedy,English,64,2026,17.0,8.4,13.77
OTT04774,Thriller,Tamil,56,2020,28.5,6.9,14.04
OTT04775,Crime,Korean,20,2026,15.2,6.1,6.9
OTT04776,Drama,English,43,2025,32.2,6.1,8.56
OTT04777,Action,Korean,77,2025,20.7,8.5,11.86
OTT04778,Sci-Fi,English,62,2023,17.1,8.9,22.03
OTT04779,Drama,Tamil,23,2024,15.9,7.2,5.94
OTT04780,Action,Malayalam,78,2021,39.6,7.5,16.08
OTT04781,Action,Hindi,66,2020,34.5,8.7,20.71
OTT04782,Romance,English,64,2021,8.5,8.0,6.25
OTT04783,Action,English,50,2019,24.5,5.8,10.65
OTT04784,Action,English,90,2020,14.5,7.8,10.11
OTT04785,Thriller,English,48,2020,18.0,7.7,13.08
OTT04786,Action,Malayalam,51,2025,100.0,6.5,15.7
OTT04787,Drama,English,72,2026,25.7,8.6,14.43
OTT04788,Comedy,Tamil,92,2021,12.1,7.1,8.43
OTT04789,Drama,English,46,2026,14.8,7.7,10.23
OTT04790,Drama,Korean,70,2026,13.7,7.8,9.15
OTT04791,Thriller,Telugu,45,2018,13.2,7.0,10.24
OTT04792,Comedy,English,49,2023,17.6,7.6,12.76
OTT04793,Sci-Fi,Telugu,28,2026,14.5,8.6,15.12
OTT04794,Documentary,Hindi,55,2026,39.4,7.3,10.0
OTT04795,Action,Hindi,52,2025,17.1,7.3,18.98
OTT04796,Comedy,Tamil,53,2018,13.6,9.5,6.05
OTT04797,Crime,Hindi,20,2025,22.7,6.1,8.16
OTT04798,Drama,English,20,2023,18.7,8.2,8.81
OTT04799,Action,Hindi,72,2022,17.4,7.9,13.91
OTT04800,Crime,Hindi,38,2025,28.6,7.7,24.15
OTT04801,Thriller,Hindi,30,2019,18.3,5.9,6.86
OTT04802,Comedy,Spanish,52,2023,71.5,6.6,10.91
OTT04803,Comedy,Spanish,36,2019,13.8,7.1,8.44
OTT04804,Romance,English,37,2025,39.2,6.8,10.37
OTT04805,Crime,English,30,2023,38.2,6.6,11.89
OTT04806,Comedy,Hindi,44,2021,10.9,8.2,11.61
OTT04807,Drama,Tamil,75,2024,11.2,7.1,7.06
OTT04808,Documentary,English,53,2019,24.5,7.1,6.43
OTT04809,Thriller,Hindi,60,2021,41.7,7.0,10.59
OTT04810,Drama,Spanish,21,2022,18.0,6.3,7.48
OTT04811,Sci-Fi,Hindi,20,2021,15.5,6.6,8.19
OTT04812,Thriller,English,30,2024,43.8,7.6,20.91
OTT04813,Crime,English,40,2025,14.2,7.2,9.12
OTT04814,Sci-Fi,Hindi,83,2026,15.5,6.1,21.49
OTT04815,Sci-Fi,English,45,2019,9.1,9.3,11.16
OTT04816,Drama,English,54,2018,12.6,7.5,7.76
OTT04817,Drama,English,49,2026,24.3,7.4,15.03
OTT04818,Thriller,Spanish,64,2023,12.8,7.1,13.01
OTT04819,Drama,Hindi,50,2022,25.7,7.7,12.44
OTT04820,Sci-Fi,Hindi,64,2018,36.1,7.1,10.95
OTT04821,Crime,Hindi,29,2020,20.9,8.0,22.05
OTT04822,Comedy,Hindi,52,2021,9.8,7.1,6.83
OTT04823,Comedy,English,78,2024,14.0,7.5,7.26
OTT04824,Drama,Spanish,63,2021,20.5,8.3,8.66
OTT04825,Action,Hindi,34,2019,9.7,6.7,5.91
OTT04826,Romance,English,45,2022,10.0,8.3,9.62
OTT04827,Romance,Hindi,56,2018,21.9,7.4,6.6
OTT04828,Drama,Malayalam,50,2022,11.7,8.3,2.57
OTT04829,Romance,Korean,68,2026,18.7,6.3,9.71
OTT04830,Romance,Malayalam,56,2020,17.7,6.6,4.1
OTT04831,Action,Telugu,33,2019,26.2,7.6,11.21
OTT04832,Drama,English,61,2025,5.7,8.4,20.9
OTT04833,Documentary,Tamil,55,2021,10.2,6.9,4.01
OTT04834,Action,English,44,2023,4.3,6.7,6.76
OTT04835,Action,English,67,2026,44.8,7.2,23.22
OTT04836,Drama,English,79,2020,40.7,6.9,8.78
OTT04837,Drama,Hindi,32,2018,10.6,7.3,8.6
OTT04838,Romance,English,79,2026,23.0,5.0,17.02
OTT04839,Documentary,English,38,2019,23.5,6.1,10.58
OTT04840,Drama,Korean,37,2022,13.3,7.8,8.97
OTT04841,Drama,English,46,2018,25.3,7.2,15.12
OTT04842,Action,English,54,2024,28.3,9.1,21.56
OTT04843,Drama,Telugu,60,2026,8.4,6.8,8.05
OTT04844,Thriller,Tamil,43,2023,16.9,6.8,7.0
OTT04845,Action,Hindi,26,2023,18.0,7.3,12.39
OTT04846,Comedy,Tamil,30,2025,33.7,7.6,10.68
OTT04847,Comedy,Hindi,42,2023,9.6,5.6,3.37
OTT04848,Documentary,Hindi,44,2019,20.5,6.0,4.7
OTT04849,Crime,English,40,2026,14.6,7.4,8.72
OTT04850,Action,English,45,2023,89.4,9.4,27.47
OTT04851,Romance,English,63,2022,53.6,7.4,29.31
OTT04852,Romance,Tamil,74,2021,4.1,7.2,3.77
OTT04853,Comedy,Hindi,42,2024,8.8,8.5,13.1
OTT04854,Action,English,71,2025,34.9,7.1,22.97
OTT04855,Sci-Fi,Malayalam,48,2023,11.6,6.9,7.19
OTT04856,Thriller,Korean,80,2021,10.4,6.4,5.54
OTT04857,Romance,English,33,2021,100.0,7.1,27.14
OTT04858,Sci-Fi,Tamil,28,2019,35.7,8.3,10.11
OTT04859,Drama,Tamil,83,2026,23.2,6.4,10.65
OTT04860,Action,Spanish,35,2024,41.3,7.4,18.63
OTT04861,Sci-Fi,Malayalam,72,2019,15.6,6.1,3.26
OTT04862,Drama,Korean,66,2018,73.3,6.1,15.07
OTT04863,Action,Tamil,76,2024,15.3,7.9,8.38
OTT04864,Romance,Korean,20,2023,30.5,9.0,11.88
OTT04865,Action,English,46,2018,24.1,6.5,12.26
OTT04866,Sci-Fi,Tamil,30,2021,11.8,7.7,5.79
OTT04867,Romance,Tamil,25,2018,22.1,7.3,6.58
OTT04868,Drama,Malayalam,37,2020,6.4,6.7,8.52
OTT04869,Drama,English,51,2025,30.2,7.0,12.06
OTT04870,Comedy,Tamil,39,2023,11.2,7.6,6.88
OTT04871,Comedy,Korean,61,2020,23.2,7.3,10.28
OTT04872,Thriller,Tamil,61,2018,25.2,7.1,19.64
OTT04873,Comedy,English,43,2018,5.2,8.3,10.9
OTT04874,Comedy,Malayalam,61,2021,8.3,6.9,4.98
OTT04875,Drama,Tamil,30,2019,14.4,8.8,12.33
OTT04876,Action,Tamil,55,2020,40.2,6.1,11.47
OTT04877,Thriller,Hindi,52,2023,21.1,7.9,12.99
OTT04878,Drama,Hindi,66,2023,24.2,7.5,16.18
OTT04879,Comedy,Hindi,66,2021,9.7,5.5,4.61
OTT04880,Documentary,Korean,55,2018,9.1,8.5,7.02
OTT04881,Documentary,Tamil,43,2021,14.4,6.2,7.8
OTT04882,Romance,Hindi,64,2025,27.9,6.4,6.9
OTT04883,Romance,Telugu,49,2024,14.1,7.6,7.8
OTT04884,Comedy,Tamil,51,2026,19.8,6.3,9.4
OTT04885,Thriller,English,56,2018,22.0,5.8,4.25
OTT04886,Thriller,Tamil,65,2021,13.4,6.8,8.73
OTT04887,Drama,Telugu,49,2020,27.8,7.2,7.5
OTT04888,Action,Tamil,46,2023,23.3,6.8,10.77
OTT04889,Romance,English,59,2018,31.2,8.0,12.16
OTT04890,Drama,English,47,2023,45.9,6.9,11.43
OTT04891,Thriller,Hindi,57,2019,10.5,6.7,7.26
OTT04892,Sci-Fi,Spanish,68,2025,18.8,7.5,12.03
OTT04893,Crime,English,74,2022,27.5,6.9,12.03
OTT04894,Drama,Telugu,45,2020,36.5,6.8,10.02
OTT04895,Action,Spanish,64,2024,16.7,7.2,9.57
OTT04896,Drama,English,28,2020,25.6,7.6,8.7
OTT04897,Action,Korean,47,2026,26.3,6.3,12.04
OTT04898,Sci-Fi,English,47,2019,4.6,7.1,3.59
OTT04899,Thriller,Tamil,47,2024,7.9,8.9,23.16
OTT04900,Action,Hindi,46,2025,26.0,7.1,13.89
OTT04901,Sci-Fi,Hindi,61,2018,15.3,7.7,13.6
OTT04902,Comedy,Spanish,20,2019,29.5,6.8,6.45
OTT04903,Action,Malayalam,79,2026,11.8,8.6,13.27
OTT04904,Crime,English,66,2024,28.5,6.6,10.85
OTT04905,Comedy,Tamil,20,2018,14.7,5.6,1.49
OTT04906,Comedy,Tamil,71,2020,27.3,7.1,6.79
OTT04907,Action,English,43,2023,11.0,6.7,8.11
OTT04908,Crime,Telugu,44,2018,16.9,7.7,6.11
OTT04909,Drama,English,64,2019,29.6,8.2,16.3
OTT04910,Thriller,Hindi,59,2022,10.8,7.6,16.73
OTT04911,Action,English,79,2026,18.4,6.7,13.19
OTT04912,Thriller,English,54,2026,10.0,6.7,12.92
OTT04913,Comedy,Telugu,65,2022,24.0,5.4,6.89
OTT04914,Drama,Telugu,63,2018,9.4,7.0,6.89
OTT04915,Drama,English,38,2020,5.9,8.6,12.43
OTT04916,Action,Hindi,71,2019,17.0,7.9,8.74
OTT04917,Crime,Spanish,59,2020,17.2,8.2,14.71
OTT04918,Drama,Korean,43,2024,6.5,7.9,8.78
OTT04919,Action,Malayalam,31,2019,27.4,8.5,8.74
OTT04920,Drama,English,58,2025,23.8,7.0,9.81
OTT04921,Sci-Fi,English,67,2025,6.3,7.8,20.06
OTT04922,Comedy,English,58,2025,12.1,9.0,16.13
OTT04923,Documentary,Telugu,58,2025,14.8,8.3,6.06
OTT04924,Crime,English,39,2026,11.9,7.5,8.23
OTT04925,Thriller,Telugu,51,2024,31.0,7.5,12.02
OTT04926,Drama,English,65,2022,21.7,7.5,11.8
OTT04927,Crime,Hindi,42,2020,25.1,6.8,12.68
OTT04928,Sci-Fi,English,61,2023,43.3,8.4,22.19
OTT04929,Romance,English,25,2023,26.5,7.4,14.98
OTT04930,Documentary,Spanish,53,2018,5.6,6.8,3.25
OTT04931,Romance,English,41,2018,29.2,7.9,14.26
OTT04932,Documentary,Korean,22,2022,26.4,7.3,11.37
OTT04933,Sci-Fi,English,53,2021,33.1,6.6,13.08
OTT04934,Drama,Telugu,20,2019,14.4,5.8,4.62
OTT04935,Comedy,Tamil,57,2021,30.6,7.0,6.54
OTT04936,Comedy,English,20,2022,33.2,6.1,9.28
OTT04937,Comedy,Hindi,60,2025,20.5,6.9,18.02
OTT04938,Crime,Hindi,37,2019,10.2,7.0,20.0
OTT04939,Drama,Hindi,70,2024,11.5,7.9,8.4
OTT04940,Sci-Fi,Telugu,38,2019,29.2,6.3,5.79
OTT04941,Comedy,Tamil,66,2019,38.3,6.6,10.71
OTT04942,Action,English,41,2018,19.8,7.4,5.7
OTT04943,Comedy,Korean,66,2019,22.4,5.8,5.2
OTT04944,Documentary,Korean,65,2022,25.8,7.0,8.3
OTT04945,Drama,Malayalam,41,2022,59.2,7.0,11.16
OTT04946,Action,Hindi,74,2021,26.3,7.4,18.87
OTT04947,Thriller,Tamil,65,2022,10.2,6.8,9.59
OTT04948,Comedy,Tamil,61,2020,8.2,5.7,4.15
OTT04949,Thriller,Telugu,24,2018,22.1,6.8,7.77
OTT04950,Drama,Hindi,45,2020,48.6,5.6,14.25
OTT04951,Action,Hindi,71,2019,21.8,7.3,12.77
OTT04952,Thriller,Hindi,48,2020,16.1,6.4,6.42
OTT04953,Drama,Malayalam,68,2024,33.3,6.9,10.55
OTT04954,Comedy,Malayalam,73,2018,20.2,8.3,6.87
OTT04955,Thriller,Spanish,44,2025,38.2,6.5,15.6
OTT04956,Thriller,Hindi,66,2022,13.5,6.1,4.69
OTT04957,Action,English,29,2020,14.8,6.2,9.17
OTT04958,Thriller,Telugu,47,2021,73.8,6.9,19.16
OTT04959,Comedy,Telugu,81,2019,17.7,7.9,6.66
OTT04960,Action,English,44,2020,14.3,6.7,5.8
OTT04961,Comedy,Korean,52,2021,26.4,6.8,10.81
OTT04962,Crime,Telugu,37,2021,17.6,6.6,7.82
OTT04963,Romance,Korean,53,2022,25.8,7.5,12.11
OTT04964,Drama,Malayalam,51,2025,11.8,6.7,7.9
OTT04965,Documentary,Spanish,66,2025,12.1,8.9,9.51
OTT04966,Drama,Korean,53,2020,70.0,8.3,36.55
OTT04967,Drama,English,24,2026,31.6,9.8,9.08
OTT04968,Crime,English,57,2026,6.2,6.1,10.38
OTT04969,Action,Spanish,20,2025,52.2,7.5,15.66
OTT04970,Drama,Tamil,55,2018,17.4,6.7,9.59
OTT04971,Sci-Fi,Tamil,52,2018,32.4,7.1,5.88
OTT04972,Romance,Malayalam,57,2024,28.7,8.9,21.36
OTT04973,Comedy,English,50,2021,20.0,7.9,14.45
OTT04974,Thriller,Tamil,81,2019,48.5,7.7,8.44
OTT04975,Thriller,Tamil,56,2024,24.2,6.8,11.68
OTT04976,Drama,English,55,2020,29.0,7.7,11.9
OTT04977,Comedy,Korean,66,2018,12.4,5.9,3.79
OTT04978,Drama,English,63,2019,15.6,7.3,5.99
OTT04979,Action,Korean,45,2018,19.1,6.4,8.78
OTT04980,Romance,English,71,2018,12.8,8.2,9.41
OTT04981,Thriller,English,20,2026,26.0,6.9,12.7
OTT04982,Action,English,30,2022,16.8,7.9,20.19
OTT04983,Drama,English,41,2026,6.7,7.8,11.61
OTT04984,Romance,Malayalam,53,2023,19.6,7.2,11.18
OTT04985,Comedy,English,63,2026,16.7,6.0,9.11
OTT04986,Drama,English,60,2022,14.4,7.1,10.69
OTT04987,Thriller,Korean,28,2020,19.6,7.6,19.55
OTT04988,Documentary,Spanish,20,2018,10.2,7.1,4.63
OTT04989,Drama,English,76,2020,12.5,7.7,5.56
OTT04990,Thriller,English,71,2019,38.5,8.4,14.88
OTT04991,Thriller,Hindi,64,2022,23.3,6.7,8.21
OTT04992,Drama,English,33,2022,87.1,8.8,19.5
OTT04993,Thriller,Hindi,59,2023,10.6,7.7,6.32
OTT04994,Action,Hindi,60,2018,19.3,6.7,7.29
OTT04995,Action,Hindi,28,2026,15.6,5.5,7.02
OTT04996,Action,Korean,52,2020,23.3,6.1,5.63
OTT04997,Comedy,Hindi,41,2021,12.1,8.4,7.11
OTT04998,Action,Spanish,82,2023,28.5,8.3,19.54
OTT04999,Thriller,Hindi,33,2022,24.7,7.3,10.85
OTT05000,Crime,English,58,2024,13.8,8.5,10.07
